Field Name;Nombre Archivo;Cantidad;Formato;* Titulo;Título Traducción;Título Alternativo;Autor;Digitalización;Catalogación;Lugar de Origen (País);Lugar (Ciudad);* Date Created (human readable);* Standardized Date (YYYY-MM-DD);Rango Fechas (YYYY-MM-DD/YYYY-MM-DD);* Codigo Lenguaje;* Descripción;Descripción Alternativa;Notas;Extensión;Dimensiones;Duración;Medio ;Tipo de Recurso;* Género;* Asunto.tema;Tema.Nombres (representados);Asunto.Geografía;Asunto.Temporal;* Institution/Repository;Nombre Colección Archivo;Número o identificador de la colección de archivos;Caja Nro;Carpeta Nro;* Derechos.copyrightStatus;* Derechos.publicacionStatus;* Derechos.Contacto
;MITRO12-P120-001;1;tiff;Vista de una bodega o fábrica;;Vista frontal de una bodega de lata;Luis Mitrovic;Felipe Bengoa;Camila Arnaiz;Chile;;S/I;;1958-1962;zxx;Vista frontal de una fachada de fábrica o bodega, cerrada con cartel de prohibida la entrada.;;;Positivo 120;6x6cm;;;still image;color photographs;Fábrica | Fachada | Industria | Agrícola |;;Zona Central | Chile |;Siglo XX | Siglo 20 | 1960s | 1950s;Fundación Enterreno;Archivo Luis Mitrovic;MITRO12;12;Bozzo 1;copyrighted;unpublished;felipe@enterreno.com
;MITRO12-P120-002;1;tiff;Venta de máscaras;;Venta de máscaras y sobreros desde un árbol;Luis Mitrovic;Felipe Bengoa;Camila Arnaiz;Chile;;S/I;;1958-1962;zxx;Venta de máscaras y sobreros colgados desde un árbol, se obsservan un niño y dos mujeres;;"Se observa una caja que tiene escrito""Leche en polvo Nido""";Positivo 120;6x6cm;;;still image;color photographs;Máscaras| Rural | Arte popular | Tradiciones;;Zona Central | Chile |;Siglo XX | Siglo 20 | 1960s | 1950s;Fundación Enterreno;Archivo Luis Mitrovic;MITRO12;12;Bozzo 1;copyrighted;unpublished;felipe@enterreno.com
;MITRO12-P120-003;1;tiff;Feria en Puente Purísima;;;Luis Mitrovic;Felipe Bengoa;Camila Arnaiz;Chile;Santiago (Chile);S/I;;1958-1962;zxx;Vista de la feria en puente Purísima, con banderines y decoraciones sobre el puente;;;Positivo 120;6x6cm;;;still image;color photographs;Feria| Mercado| Puente| Arquitectura| Ciudad;;Santiago (Chile) | Chile;Siglo XX | Siglo 20 | 1960s | 1950s;Fundación Enterreno;Archivo Luis Mitrovic;MITRO12;12;Bozzo 1;copyrighted;unpublished;felipe@enterreno.com
;MITRO12-P120-004;1;tiff;Puesto de frutas en puente Purísima;;Feriantes con su puesto de frutas en el puente Purísima;Luis Mitrovic;Felipe Bengoa;Camila Arnaiz;Chile;Santiago (Chile);S/I;;1958-1962;zxx;Puesto de frutas con sus respectivos locatarios en la feria Purísima;;En el puesto se observan decoraciones y banderas de Chile;Positivo 120;6x6cm;;;still image;color photographs;Feria|Mercado| Puente| Comercio;;Santiago (Chile) | Chile;Siglo XX | Siglo 20 | 1960s | 1950s;Fundación Enterreno;Archivo Luis Mitrovic;MITRO12;12;Bozzo 1;copyrighted;unpublished;felipe@enterreno.com
;MITRO12-P120-005;1;tiff;Puesto de flores;;Local venta de flores;Luis Mitrovic;Felipe Bengoa;Camila Arnaiz;Chile;;S/I;;1958-1962;zxx;Puesto de flores, construido entre madera y lata pintado verde, tiene diversas flores, entre las que se distinguen calas.;;;Positivo 120;6x6cm;;;still image;color photographs;Flores| Mercado |;;Santiago (Chile) | Chile;Siglo XX | Siglo 20 | 1960s | 1950s;Fundación Enterreno;Archivo Luis Mitrovic;MITRO12;12;Bozzo 1;copyrighted;unpublished;felipe@enterreno.com
;MITRO12-P120-006;1;tiff;Feria vista desde la esquina sobre el puente Purísima;;Puesto de frutas visto desde la esquina del puente Purísima;Luis Mitrovic;Felipe Bengoa;Camila Arnaiz;Chile;Santiago (Chile);S/I;;1958-1962;zxx;Puesto de frutas de la feria sobre el puente Purísima vista desde la esquina, se observa la feria y la baranda del puente;;"Se observa los precios de las frutas y un cartel que dice ""últimas del año"" para las uvas";Positivo 120;6x6cm;;;still image;color photographs;Feria| Mercado| Puente| Ciudad;;Santiago (Chile) | Chile;Siglo XX | Siglo 20 | 1960s | 1950s;Fundación Enterreno;Archivo Luis Mitrovic;MITRO12;12;Bozzo 1;copyrighted;unpublished;felipe@enterreno.com
;MITRO12-P120-007;1;tiff;Vista de un jardín ;;;Luis Mitrovic;Felipe Bengoa;Camila Arnaiz;Chile;;S/I;;1958-1962;zxx;Vista de un jardín se observa el pasto, cerámica y las flores.;;;Positivo 120;6x6cm;;;still image;color photographs;Jardinería| Flores | Área verde |;;Zona Central | Chile |;Siglo XX | Siglo 20 | 1960s | 1950s;Fundación Enterreno;Archivo Luis Mitrovic;MITRO12;12;Bozzo 1;copyrighted;unpublished;felipe@enterreno.com
;MITRO12-P120-008;1;tiff;Vista de un jardín desde la esquina;;;Luis Mitrovic;Felipe Bengoa;Camila Arnaiz;Chile;;S/I;;1958-1962;zxx;Vista de un jardín desde la esquina, el jardín esta rodeado de flores (en forma perpendicular) y al centro tiene pasto ;;;Positivo 120;6x6cm;;;still image;color photographs;Jardinería| Flores | Área verde |;;Zona Central | Chile |;Siglo XX | Siglo 20 | 1960s | 1950s;Fundación Enterreno;Archivo Luis Mitrovic;MITRO12;12;Bozzo 1;copyrighted;unpublished;felipe@enterreno.com
;MITRO12-P120-009;1;tiff;Laguna con reflejo de árboles y flores;;Vista de una laguna rodeada de árboles;Luis Mitrovic;Felipe Bengoa;Camila Arnaiz;Chile;;S/I;;1958-1962;zxx;Vista de una laguna rodeada de árboles y flores que se reflejan en el agua;;;Positivo 120;6x6cm;;;still image;color photographs;Laguna| Naturaleza| Paisajes| Flores | Reflejo;;Zona Central | Chile |;Siglo XX | Siglo 20 | 1960s | 1950s;Fundación Enterreno;Archivo Luis Mitrovic;MITRO12;12;Bozzo 1;copyrighted;unpublished;felipe@enterreno.com
;MITRO12-P120-010;1;tiff;Vista de un pasiaje con cielo nublado;;Paisaje de un árbol con cielo nublado;Luis Mitrovic;Felipe Bengoa;Camila Arnaiz;Chile;;S/I;;1958-1962;zxx;Vista de un paisaje, se observa un árbol y un cerro pequeño al fondo, en la foto destaca el cielo celeste lleno de nubes;;;Positivo 120;6x6cm;;;still image;color photographs;Paisaje| Valle| Cielo|Nubes;;Zona Central | Chile |;Siglo XX | Siglo 20 | 1960s | 1950s;Fundación Enterreno;Archivo Luis Mitrovic;MITRO12;12;Bozzo 1;copyrighted;unpublished;felipe@enterreno.com
;MITRO12-P120-011;1;tiff;Gran angular de un espacio interior ;;Vista 360 de un cuarto interior ;Luis Mitrovic;Felipe Bengoa;Camila Arnaiz;Chile;;S/I;;1958-1962;zxx;Vista de un interior (living o sala de estar) desde un gran angular, la foto la toma Luis Mitrovic desde una esquina hacía la lámpara del techo. En la foto se observa el interior en 360, muebles, una alfombra y en cada pared diferentes cuadros.;;;Positivo 120;6x6cm;;;still image;color photographs;Gran angular | Interior | Decoración | Cuadros;Luis Mitrovic;Zona Central | Chile |;Siglo XX | Siglo 20 | 1960s | 1950s;Fundación Enterreno;Archivo Luis Mitrovic;MITRO12;12;Bozzo 1;copyrighted;unpublished;felipe@enterreno.com
;MITRO12-P120-012;1;tiff;Piramide de fardos de paja;;Fardos de paja apilados;Luis Mitrovic;Felipe Bengoa;Camila Arnaiz;Chile;;S/I;;1958-1962;zxx;Vista de fardos de paja apilados que forman una piramide de fardos;;;Positivo 120;6x6cm;;;still image;color photographs;Fardos| Rural | Agricultura;;Zona Central | Chile |;Siglo XX | Siglo 20 | 1960s | 1950s;Fundación Enterreno;Archivo Luis Mitrovic;MITRO12;12;Bozzo 1;copyrighted;unpublished;felipe@enterreno.com
;MITRO12-P120-013;1;tiff;Fotografía de un hombre en una hamaca ;;Hombre amarrado a una hamaca en un jardín;Luis Mitrovic;Felipe Bengoa;Camila Arnaiz;Chile;;S/I;;1958-1962;zxx;Fotografía tomada en un jardín, se observa un hombre en una hamaca, amarrado con cuerdas y plantas en el fondo, también hay una mesa.;;;Positivo 120;6x6cm;;;still image;color photographs;Patio interior| Hamaca|;;Zona Central | Chile |;Siglo XX | Siglo 20 | 1960s | 1950s;Fundación Enterreno;Archivo Luis Mitrovic;MITRO12;12;Bozzo 1;copyrighted;unpublished;felipe@enterreno.com
;MITRO12-P120-014;1;tiff;Florero con Tulipanes Amarillos;;Arreglo de flores de decoración;Luis Mitrovic;Felipe Bengoa;Camila Arnaiz;Chile;;S/I;;1958-1962;zxx;Se observa un arreglo de flores, entre tulipanes amarillos y flores rosadas en un florero (pareciera de plata) o color plateado sobre un mueble. ;;;Positivo 120;6x6cm;;;still image;color photographs;Flores | Tulipanes | Interior| ;;Zona Central | Chile |;Siglo XX | Siglo 20 | 1960s | 1950s;Fundación Enterreno;Archivo Luis Mitrovic;MITRO12;12;Bozzo 1;copyrighted;unpublished;felipe@enterreno.com
;MITRO12-P120-015;1;tiff;;;;Luis Mitrovic;Felipe Bengoa;Camila Arnaiz;Chile;;S/I;;1958-1962;zxx;Fotografía tomada desde arriba en un intereior a una mujer de falda roja plisada leyendo una revista, el rostro de la mujer se observa desde una ventana, destacandose su collar de perlas.;;"Se observa una revista que dice ""Soir de Paris"" y abajo en grande ""BOURJOI""";Positivo 120;6x6cm;;;still image;color photographs;Interior| Moda| Retrato| vivienda;;Zona Central | Chile |;Siglo XX | Siglo 20 | 1960s | 1950s;Fundación Enterreno;Archivo Luis Mitrovic;MITRO12;12;Bozzo 1;copyrighted;unpublished;felipe@enterreno.com
;MITRO12-P120-016;1;tiff;;;;Luis Mitrovic;Felipe Bengoa;Camila Arnaiz;Chile;;S/I;;1958-1962;zxx;;;;Positivo 120;6x6cm;;;still image;color photographs;;;Zona Central | Chile |;Siglo XX | Siglo 20 | 1960s | 1950s;Fundación Enterreno;Archivo Luis Mitrovic;MITRO12;12;Bozzo 1;copyrighted;unpublished;felipe@enterreno.com
;MITRO12-P120-017;1;tiff;;;;Luis Mitrovic;Felipe Bengoa;Camila Arnaiz;Chile;;S/I;;1958-1962;zxx;;;;Positivo 120;6x6cm;;;still image;color photographs;;;Zona Central | Chile |;Siglo XX | Siglo 20 | 1960s | 1950s;Fundación Enterreno;Archivo Luis Mitrovic;MITRO12;12;Bozzo 1;copyrighted;unpublished;felipe@enterreno.com
;MITRO12-P120-018;1;tiff;Niño posando en piramide de paja apilados;;Niño posando en fardos de paja apilados;Luis Mitrovic;Felipe Bengoa;Camila Arnaiz;Chile;;S/I;;1958-1962;zxx;Vista de fardos de paja apilados que forman una piramide de fardos mientras un niño posa sobre ella;;La fotografía es la misma piramide de fardos que la foto 012;Positivo 120;6x6cm;;;still image;color photographs;Fardos| Rural | Agricultura;;Zona Central | Chile |;Siglo XX | Siglo 20 | 1960s | 1950s;Fundación Enterreno;Archivo Luis Mitrovic;MITRO12;12;Bozzo 1;copyrighted;unpublished;felipe@enterreno.com
;MITRO12-P120-019;1;tiff;Fachada casa 11 y 5 en madera;;Fachada autoconstrucción en madera;Luis Mitrovic;Felipe Bengoa;Camila Arnaiz;Chile;;S/I;;1958-1962;zxx;Vista frontal de una construcción en madera, con 2 puertas casi pegadas, arriba cada una tiene un número 11 y 5 respectivamente.;;;Positivo 120;6x6cm;;;still image;color photographs;Madera| Arquitectura| Fachada |Inmueble;;Zona Central | Chile |;Siglo XX | Siglo 20 | 1960s | 1950s;Fundación Enterreno;Archivo Luis Mitrovic;MITRO12;12;Bozzo 1;copyrighted;unpublished;felipe@enterreno.com
;MITRO12-P120-020;1;tiff;Fotografía nocturna a la playa;;Vista nocturna de la playa;Luis Mitrovic;Felipe Bengoa;Camila Arnaiz;Chile;;S/I;;1958-1962;zxx;Vista panorámica de la playa, la fotografía es sacada de noche, lo que realza en la foto son las luces.;;;Positivo 120;6x6cm;;;still image;color photographs;Playa| Paisaje| Noche| Luces;;Zona Central | Chile |;Siglo XX | Siglo 20 | 1960s | 1950s;Fundación Enterreno;Archivo Luis Mitrovic;MITRO12;12;Bozzo 1;copyrighted;unpublished;felipe@enterreno.com
;MITRO12-P120-021;1;tiff;Vista de una laguna;;Vista hacía una laguna rodeada de árboles;Luis Mitrovic;Felipe Bengoa;Camila Arnaiz;Chile;;S/I;;1958-1962;zxx;Vista de una laguna rodeada de árboles, la foto es sacada desde la superficie donde se observa la tierra y plantas en crecimiento;;;Positivo 120;6x6cm;;;still image;color photographs;Laguna| Naturaleza| Paisaje| Árboles;;Zona Central | Chile |;Siglo XX | Siglo 20 | 1960s | 1950s;Fundación Enterreno;Archivo Luis Mitrovic;MITRO12;12;Bozzo 1;copyrighted;unpublished;felipe@enterreno.com
;MITRO12-P120-022;1;tiff;Fábrica de empaquetaduras;;Fábrica de empaquetaduras con un campanario de iglesia en el fondo;Luis Mitrovic;Felipe Bengoa;Camila Arnaiz;Chile;;S/I;;1958-1962;zxx;Vista fábrica de empaquetadura, se logra ver una iglesia detrás. Además, la foto muestra una explanada.;;;Positivo 120;6x6cm;;;still image;color photographs;Fábrica| Fachada| Ciudad| Arquitectura;;Zona Central | Chile |;Siglo XX | Siglo 20 | 1960s | 1950s;Fundación Enterreno;Archivo Luis Mitrovic;MITRO12;12;Bozzo 1;copyrighted;unpublished;felipe@enterreno.com
;MITRO12-P120-023;1;tiff;Hombre en bicicleta con el fondo de la fábrica de empaquetaduras;;;Luis Mitrovic;Felipe Bengoa;Camila Arnaiz;Chile;;S/I;;1958-1962;zxx;Vista de un hombre andando en bicicleta, en el fondo se observa la fábrica de empaquetadura, además se observa el campanario de una iglesia de fondo;;;Positivo 120;6x6cm;;;still image;color photographs;Fábrica| Fachada| Ciudad| Arquitectura;;Zona Central | Chile |;Siglo XX | Siglo 20 | 1960s | 1950s;Fundación Enterreno;Archivo Luis Mitrovic;MITRO12;12;Bozzo 1;copyrighted;unpublished;felipe@enterreno.com
;MITRO12-P120-024;1;tiff;Niños jugando en un columpio;;;Luis Mitrovic;Felipe Bengoa;Camila Arnaiz;Chile;;S/I;;1958-1962;zxx;Vista de dos niños jugando en los columpios, en el fondo se observan diferentes personas. ;;;Positivo 120;6x6cm;;;still image;color photographs;Juegos| Infancia | Barrios;;Zona Central | Chile |;Siglo XX | Siglo 20 | 1960s | 1950s;Fundación Enterreno;Archivo Luis Mitrovic;MITRO12;12;Bozzo 1;copyrighted;unpublished;felipe@enterreno.com
;MITRO12-P120-025;1;tiff;Vista interior puesto de feria;;;Luis Mitrovic;Felipe Bengoa;Camila Arnaiz;Chile;;S/I;;1958-1962;zxx;Vista desde el interior de un puesto de verduras en la feria;;;Positivo 120;6x6cm;;;still image;color photographs;Feria| Mercado |;;Zona Central | Chile |;Siglo XX | Siglo 20 | 1960s | 1950s;Fundación Enterreno;Archivo Luis Mitrovic;MITRO12;12;Bozzo 1;copyrighted;unpublished;felipe@enterreno.com
;MITRO12-P120-026;1;tiff;Paisaje de un árbol;;Vista de un árbol y cielo nublado;Luis Mitrovic;Felipe Bengoa;Camila Arnaiz;Chile;;S/I;;1958-1962;zxx;Vista de un paisaje, se observa principalmente un árbol frondoso, además destaca el  cielo celeste con nubes en la foto;;;Positivo 120;6x6cm;;;still image;color photographs;Paisaje| Naturaleza| Cielo| Árbol;;Zona Central | Chile |;Siglo XX | Siglo 20 | 1960s | 1950s;Fundación Enterreno;Archivo Luis Mitrovic;MITRO12;12;Bozzo 1;copyrighted;unpublished;felipe@enterreno.com
;MITRO12-P120-027;1;tiff;Venta de limónes y naranjas en feria;;;Luis Mitrovic;Felipe Bengoa;Camila Arnaiz;Chile;;S/I;;1958-1962;zxx;Vista de un puesto de feria con el precio de limones y naranjas, además se observa una balanza y una señora con falda larga;;;Positivo 120;6x6cm;;;still image;color photographs;Feria| Mercado;;Zona Central | Chile |;Siglo XX | Siglo 20 | 1960s | 1950s;Fundación Enterreno;Archivo Luis Mitrovic;MITRO12;12;Bozzo 1;copyrighted;unpublished;felipe@enterreno.com
;MITRO12-P120-028;1;tiff;;;;Luis Mitrovic;Felipe Bengoa;Camila Arnaiz;Chile;;S/I;;1958-1962;zxx;;;;Positivo 120;6x6cm;;;still image;color photographs;;;Zona Central | Chile |;Siglo XX | Siglo 20 | 1960s | 1950s;Fundación Enterreno;Archivo Luis Mitrovic;MITRO12;12;Bozzo 1;copyrighted;unpublished;felipe@enterreno.com
;MITRO12-P120-029;1;tiff;;;;Luis Mitrovic;Felipe Bengoa;Camila Arnaiz;Chile;;S/I;;1958-1962;zxx;;;;Positivo 120;6x6cm;;;still image;color photographs;;;Zona Central | Chile |;Siglo XX | Siglo 20 | 1960s | 1950s;Fundación Enterreno;Archivo Luis Mitrovic;MITRO12;12;Bozzo 1;copyrighted;unpublished;felipe@enterreno.com
;MITRO12-P120-030;1;tiff;;;;Luis Mitrovic;Felipe Bengoa;Camila Arnaiz;Chile;;S/I;;1958-1962;zxx;;;;Positivo 120;6x6cm;;;still image;color photographs;;;Zona Central | Chile |;Siglo XX | Siglo 20 | 1960s | 1950s;Fundación Enterreno;Archivo Luis Mitrovic;MITRO12;12;Bozzo 1;copyrighted;unpublished;felipe@enterreno.com
;MITRO12-P120-031;1;tiff;;;;Luis Mitrovic;Felipe Bengoa;Camila Arnaiz;Chile;;S/I;;1958-1962;zxx;;;;Positivo 120;6x6cm;;;still image;color photographs;;;Zona Central | Chile |;Siglo XX | Siglo 20 | 1960s | 1950s;Fundación Enterreno;Archivo Luis Mitrovic;MITRO12;12;Bozzo 1;copyrighted;unpublished;felipe@enterreno.com
;MITRO12-P120-032;1;tiff;;;;Luis Mitrovic;Felipe Bengoa;Camila Arnaiz;Chile;;S/I;;1958-1962;zxx;;;;Positivo 120;6x6cm;;;still image;color photographs;;;Zona Central | Chile |;Siglo XX | Siglo 20 | 1960s | 1950s;Fundación Enterreno;Archivo Luis Mitrovic;MITRO12;12;Bozzo 1;copyrighted;unpublished;felipe@enterreno.com
;MITRO12-P120-033;1;tiff;;;;Luis Mitrovic;Felipe Bengoa;Camila Arnaiz;Chile;;S/I;;1958-1962;zxx;;;;Positivo 120;6x6cm;;;still image;color photographs;;;Zona Central | Chile |;Siglo XX | Siglo 20 | 1960s | 1950s;Fundación Enterreno;Archivo Luis Mitrovic;MITRO12;12;Bozzo 1;copyrighted;unpublished;felipe@enterreno.com
;MITRO12-P120-034;;;;;;;Felipe Bengoa;Camila Arnaiz;Chile;;S/I;;1958-1962;zxx;;;;Positivo 120;6x6cm;;;still image;color photographs;;;Zona Central | Chile |;Siglo XX | Siglo 20 | 1960s | 1950s;Fundación Enterreno;Archivo Luis Mitrovic;MITRO12;12;Bozzo 1;copyrighted;unpublished;felipe@enterreno.com
;MITRO12-P120-035;;;;;;;Felipe Bengoa;Camila Arnaiz;Chile;;S/I;;1958-1962;zxx;;;;Positivo 120;;;;;color photographs;;;;;;;;;;-;-;felipe@enterreno.com
;MITRO12-P120-036;;;;;;;Felipe Bengoa;Camila Arnaiz;Chile;;S/I;;1958-1962;zxx;;;;Positivo 120;;;;;color photographs;;;;;;;;;;-;-;felipe@enterreno.com
;MITRO12-P120-037;;;;;;;Felipe Bengoa;Camila Arnaiz;Chile;;S/I;;;;;;;Positivo 120;;;;;color photographs;;;;;;;;;;-;-;felipe@enterreno.com
;MITRO12-P120-038;;;;;;;Felipe Bengoa;Camila Arnaiz;Chile;;S/I;;;;;;;Positivo 120;;;;;color photographs;;;;;;;;;;-;-;felipe@enterreno.com
;MITRO12-P120-039;;;;;;;Felipe Bengoa;Camila Arnaiz;Chile;;S/I;;;;;;;;;;;;color photographs;;;;;;;;;;-;-;felipe@enterreno.com
;MITRO12-P120-040;;;;;;;Felipe Bengoa;Camila Arnaiz;Chile;;S/I;;;;;;;;;;;;color photographs;;;;;;;;;;-;-;felipe@enterreno.com
;MITRO12-P120-041;;;;;;;Felipe Bengoa;Camila Arnaiz;Chile;;S/I;;;;;;;;;;;;color photographs;;;;;;;;;;-;-;
;MITRO12-P120-042;;;;;;;Felipe Bengoa;Camila Arnaiz;Chile;;S/I;;;;;;;;;;;;color photographs;;;;;;;;;;-;-;
;MITRO12-P120-043;;;;;;;Felipe Bengoa;Camila Arnaiz;Chile;;S/I;;;;;;;;;;;;color photographs;;;;;;;;;;-;-;
;MITRO12-P120-044;;;;;;;Felipe Bengoa;Camila Arnaiz;Chile;;S/I;;;;;;;;;;;;color photographs;;;;;;;;;;-;-;
;MITRO12-P120-045;;;;;;;Felipe Bengoa;Camila Arnaiz;Chile;;S/I;;;;;;;;;;;;color photographs;;;;;;;;;;-;-;
;MITRO12-P120-046;;;;;;;Felipe Bengoa;Camila Arnaiz;Chile;;S/I;;;;;;;;;;;;color photographs;;;;;;;;;;-;-;
;MITRO12-P120-047;;;;;;;Felipe Bengoa;Camila Arnaiz;Chile;;S/I;;;;;;;;;;;;color photographs;;;;;;;;;;-;-;
;MITRO12-P120-048;;;;;;;Felipe Bengoa;Camila Arnaiz;Chile;;S/I;;;;;;;;;;;;;;;;;;;;;;-;-;
;MITRO12-P120-049;;;;;;;Felipe Bengoa;Camila Arnaiz;Chile;;S/I;;;;;;;;;;;;;;;;;;;;;;-;-;
;MITRO12-P120-050;;;;;;;Felipe Bengoa;Camila Arnaiz;Chile;;S/I;;;;;;;;;;;;;;;;;;;;;;-;-;
;MITRO12-P120-051;;;;;;;Felipe Bengoa;Camila Arnaiz;Chile;;S/I;;;;;;;;;;;;;;;;;;;;;;-;-;
;MITRO12-P120-052;;;;;;;Felipe Bengoa;Camila Arnaiz;Chile;;S/I;;;;;;;;;;;;;;;;;;;;;;-;-;
;MITRO12-P120-053;;;;;;;Felipe Bengoa;Camila Arnaiz;Chile;;S/I;;;;;;;;;;;;;;;;;;;;;;-;-;
;MITRO12-P120-054;;;;;;;Felipe Bengoa;Camila Arnaiz;Chile;;S/I;;;;;;;;;;;;;;;;;;;;;;-;-;
;MITRO12-P120-055;;;;;;;Felipe Bengoa;Camila Arnaiz;Chile;;S/I;;;;;;;;;;;;;;;;;;;;;;-;-;
;MITRO12-P120-056;;;;;;;Felipe Bengoa;Camila Arnaiz;Chile;;S/I;;;;;;;;;;;;;;;;;;;;;;-;-;
;MITRO12-P120-057;;;;;;;Felipe Bengoa;Camila Arnaiz;Chile;;S/I;;;;;;;;;;;;;;;;;;;;;;-;-;
;MITRO12-P120-058;;;;;;;Felipe Bengoa;Camila Arnaiz;Chile;;S/I;;;;;;;;;;;;;;;;;;;;;;-;-;
;MITRO12-P120-059;;;;;;;Felipe Bengoa;Camila Arnaiz;Chile;;S/I;;;;;;;;;;;;;;;;;;;;;;-;-;
;MITRO12-P120-060;;;;;;;Felipe Bengoa;Camila Arnaiz;Chile;;S/I;;;;;;;;;;;;;;;;;;;;;;-;-;
;MITRO12-P120-061;;;;;;;Felipe Bengoa;Camila Arnaiz;Chile;;S/I;;;;;;;;;;;;;;;;;;;;;;-;-;
;MITRO12-P120-062;;;;;;;Felipe Bengoa;Camila Arnaiz;Chile;;S/I;;;;;;;;;;;;;;;;;;;;;;-;-;
;MITRO12-P120-063;;;;;;;Felipe Bengoa;Camila Arnaiz;Chile;;S/I;;;;;;;;;;;;;;;;;;;;;;-;-;
;MITRO12-P120-064;;;;;;;Felipe Bengoa;Camila Arnaiz;Chile;;S/I;;;;;;;;;;;;;;;;;;;;;;-;-;
;MITRO12-P120-065;;;;;;;Felipe Bengoa;Camila Arnaiz;Chile;;S/I;;;;;;;;;;;;;;;;;;;;;;-;-;
;MITRO12-P120-066;;;;;;;Felipe Bengoa;Camila Arnaiz;Chile;;S/I;;;;;;;;;;;;;;;;;;;;;;-;-;
;MITRO12-P120-067;;;;;;;Felipe Bengoa;Camila Arnaiz;Chile;;S/I;;;;;;;;;;;;;;;;;;;;;;-;-;
;MITRO12-P120-068;;;;;;;Felipe Bengoa;Camila Arnaiz;Chile;;S/I;;;;;;;;;;;;;;;;;;;;;;-;-;
;MITRO12-P120-069;;;;;;;Felipe Bengoa;Camila Arnaiz;Chile;;S/I;;;;;;;;;;;;;;;;;;;;;;-;-;
;MITRO12-P120-070;;;;;;;Felipe Bengoa;Camila Arnaiz;Chile;;S/I;;;;;;;;;;;;;;;;;;;;;;-;-;
;MITRO12-P120-071;;;;;;;Felipe Bengoa;Camila Arnaiz;Chile;;S/I;;;;;;;;;;;;;;;;;;;;;;-;-;
;MITRO12-P120-072;;;;;;;Felipe Bengoa;Camila Arnaiz;Chile;;S/I;;;;;;;;;;;;;;;;;;;;;;-;-;
;MITRO12-P120-073;;;;;;;Felipe Bengoa;Camila Arnaiz;Chile;;S/I;;;;;;;;;;;;;;;;;;;;;;-;-;
;MITRO12-P120-074;;;;;;;Felipe Bengoa;Camila Arnaiz;Chile;;S/I;;;;;;;;;;;;;;;;;;;;;;-;-;
;MITRO12-P120-075;;;;;;;Felipe Bengoa;Camila Arnaiz;Chile;;S/I;;;;;;;;;;;;;;;;;;;;;;-;-;
;MITRO12-P120-076;;;;;;;Felipe Bengoa;Camila Arnaiz;Chile;;S/I;;;;;;;;;;;;;;;;;;;;;;-;-;
;MITRO12-P120-077;;;;;;;Felipe Bengoa;Camila Arnaiz;Chile;;S/I;;;;;;;;;;;;;;;;;;;;;;-;-;
;MITRO12-P120-078;;;;;;;Felipe Bengoa;Camila Arnaiz;Chile;;S/I;;;;;;;;;;;;;;;;;;;;;;-;-;
;MITRO12-P120-079;;;;;;;Felipe Bengoa;Camila Arnaiz;Chile;;S/I;;;;;;;;;;;;;;;;;;;;;;-;-;
;MITRO12-P120-080;;;;;;;Felipe Bengoa;Camila Arnaiz;Chile;;S/I;;;;;;;;;;;;;;;;;;;;;;-;-;
;MITRO12-P120-081;;;;;;;Felipe Bengoa;Camila Arnaiz;Chile;;S/I;;;;;;;;;;;;;;;;;;;;;;-;-;
;MITRO12-P120-082;;;;;;;Felipe Bengoa;Camila Arnaiz;Chile;;S/I;;;;;;;;;;;;;;;;;;;;;;-;-;
;MITRO12-P120-083;;;;;;;Felipe Bengoa;Camila Arnaiz;Chile;;S/I;;;;;;;;;;;;;;;;;;;;;;-;-;
;MITRO12-P120-084;;;;;;;Felipe Bengoa;Camila Arnaiz;Chile;;S/I;;;;;;;;;;;;;;;;;;;;;;-;-;
;MITRO12-P120-085;;;;;;;Felipe Bengoa;Camila Arnaiz;Chile;;S/I;;;;;;;;;;;;;;;;;;;;;;-;-;
;MITRO12-P120-086;;;;;;;Felipe Bengoa;Camila Arnaiz;Chile;;S/I;;;;;;;;;;;;;;;;;;;;;;-;-;
;MITRO12-P120-087;;;;;;;Felipe Bengoa;Camila Arnaiz;Chile;;S/I;;;;;;;;;;;;;;;;;;;;;;-;-;
;MITRO12-P120-088;;;;;;;Felipe Bengoa;Camila Arnaiz;Chile;;S/I;;;;;;;;;;;;;;;;;;;;;;-;-;
;MITRO12-P120-089;;;;;;;Felipe Bengoa;Camila Arnaiz;Chile;;S/I;;;;;;;;;;;;;;;;;;;;;;-;-;
;MITRO12-P120-090;;;;;;;Felipe Bengoa;Camila Arnaiz;Chile;;S/I;;;;;;;;;;;;;;;;;;;;;;-;-;
;MITRO12-P120-091;;;;;;;Felipe Bengoa;Camila Arnaiz;Chile;;S/I;;;;;;;;;;;;;;;;;;;;;;-;-;
;MITRO12-P120-092;;;;;;;Felipe Bengoa;Camila Arnaiz;Chile;;S/I;;;;;;;;;;;;;;;;;;;;;;-;-;
;MITRO12-P120-093;;;;;;;Felipe Bengoa;Camila Arnaiz;Chile;;S/I;;;;;;;;;;;;;;;;;;;;;;-;-;
;MITRO12-P120-094;;;;;;;Felipe Bengoa;Camila Arnaiz;Chile;;S/I;;;;;;;;;;;;;;;;;;;;;;-;-;
;MITRO12-P120-095;;;;;;;Felipe Bengoa;Camila Arnaiz;Chile;;S/I;;;;;;;;;;;;;;;;;;;;;;-;-;
;MITRO12-P120-096;;;;;;;Felipe Bengoa;Camila Arnaiz;Chile;;S/I;;;;;;;;;;;;;;;;;;;;;;-;-;
;MITRO12-P120-097;;;;;;;Felipe Bengoa;Camila Arnaiz;Chile;;S/I;;;;;;;;;;;;;;;;;;;;;;-;-;
;MITRO12-P120-098;;;;;;;Felipe Bengoa;Camila Arnaiz;Chile;;S/I;;;;;;;;;;;;;;;;;;;;;;-;-;
;MITRO12-P120-099;;;;;;;Felipe Bengoa;Camila Arnaiz;Chile;;S/I;;;;;;;;;;;;;;;;;;;;;;-;-;
;MITRO12-P120-100;;;;;;;Felipe Bengoa;Camila Arnaiz;Chile;;S/I;;;;;;;;;;;;;;;;;;;;;;-;-;
;MITRO12-P120-101;;;;;;;Felipe Bengoa;Camila Arnaiz;Chile;;S/I;;;;;;;;;;;;;;;;;;;;;;-;-;
;MITRO12-P120-102;;;;;;;Felipe Bengoa;Camila Arnaiz;Chile;;S/I;;;;;;;;;;;;;;;;;;;;;;-;-;
;MITRO12-P120-103;;;;;;;Felipe Bengoa;Camila Arnaiz;Chile;;S/I;;;;;;;;;;;;;;;;;;;;;;-;-;
;MITRO12-P120-104;;;;;;;Felipe Bengoa;Camila Arnaiz;Chile;;S/I;;;;;;;;;;;;;;;;;;;;;;-;-;
;MITRO12-P120-105;;;;;;;Felipe Bengoa;Camila Arnaiz;Chile;;S/I;;;;;;;;;;;;;;;;;;;;;;-;-;
;MITRO12-P120-106;;;;;;;Felipe Bengoa;Camila Arnaiz;Chile;;S/I;;;;;;;;;;;;;;;;;;;;;;-;-;
;MITRO12-P120-107;;;;;;;Felipe Bengoa;Camila Arnaiz;Chile;;S/I;;;;;;;;;;;;;;;;;;;;;;-;-;
;MITRO12-P120-108;;;;;;;Felipe Bengoa;Camila Arnaiz;Chile;;S/I;;;;;;;;;;;;;;;;;;;;;;-;-;
;MITRO12-P120-109;;;;;;;Felipe Bengoa;Camila Arnaiz;Chile;;S/I;;;;;;;;;;;;;;;;;;;;;;-;-;
;MITRO12-P120-110;;;;;;;Felipe Bengoa;Camila Arnaiz;Chile;;S/I;;;;;;;;;;;;;;;;;;;;;;-;-;
;MITRO12-P120-111;;;;;;;Felipe Bengoa;Camila Arnaiz;Chile;;S/I;;;;;;;;;;;;;;;;;;;;;;-;-;
;MITRO12-P120-112;;;;;;;Felipe Bengoa;Camila Arnaiz;Chile;;S/I;;;;;;;;;;;;;;;;;;;;;;-;-;
;MITRO12-P120-113;;;;;;;Felipe Bengoa;Camila Arnaiz;Chile;;S/I;;;;;;;;;;;;;;;;;;;;;;-;-;
;MITRO12-P120-114;;;;;;;Felipe Bengoa;Camila Arnaiz;Chile;;S/I;;;;;;;;;;;;;;;;;;;;;;-;-;
;MITRO12-P120-115;;;;;;;Felipe Bengoa;Camila Arnaiz;Chile;;S/I;;;;;;;;;;;;;;;;;;;;;;-;-;
;MITRO12-P120-116;;;;;;;Felipe Bengoa;Camila Arnaiz;Chile;;S/I;;;;;;;;;;;;;;;;;;;;;;-;-;
;MITRO12-P120-117;;;;;;;Felipe Bengoa;Camila Arnaiz;Chile;;S/I;;;;;;;;;;;;;;;;;;;;;;-;-;
;MITRO12-P120-118;;;;;;;Felipe Bengoa;Camila Arnaiz;Chile;;S/I;;;;;;;;;;;;;;;;;;;;;;-;-;
;MITRO12-P120-119;;;;;;;Felipe Bengoa;Camila Arnaiz;Chile;;S/I;;;;;;;;;;;;;;;;;;;;;;-;-;
;MITRO12-P120-120;;;;;;;Felipe Bengoa;Camila Arnaiz;Chile;;S/I;;;;;;;;;;;;;;;;;;;;;;-;-;
;MITRO12-P120-121;;;;;;;Felipe Bengoa;Camila Arnaiz;Chile;;S/I;;;;;;;;;;;;;;;;;;;;;;-;-;
;MITRO12-P120-122;;;;;;;Felipe Bengoa;Camila Arnaiz;Chile;;S/I;;;;;;;;;;;;;;;;;;;;;;-;-;
;MITRO12-P120-123;;;;;;;Felipe Bengoa;Camila Arnaiz;Chile;;S/I;;;;;;;;;;;;;;;;;;;;;;-;-;
;MITRO12-P120-124;;;;;;;Felipe Bengoa;Camila Arnaiz;Chile;;S/I;;;;;;;;;;;;;;;;;;;;;;-;-;
;MITRO12-P120-125;;;;;;;Felipe Bengoa;Camila Arnaiz;Chile;;S/I;;;;;;;;;;;;;;;;;;;;;;-;-;
;MITRO12-P120-126;;;;;;;Felipe Bengoa;Camila Arnaiz;Chile;;S/I;;;;;;;;;;;;;;;;;;;;;;-;-;
;MITRO12-P120-127;;;;;;;Felipe Bengoa;Camila Arnaiz;Chile;;S/I;;;;;;;;;;;;;;;;;;;;;;-;-;
;MITRO12-P120-128;;;;;;;Felipe Bengoa;Camila Arnaiz;Chile;;S/I;;;;;;;;;;;;;;;;;;;;;;-;-;
;MITRO12-P120-129;;;;;;;Felipe Bengoa;Camila Arnaiz;Chile;;S/I;;;;;;;;;;;;;;;;;;;;;;-;-;
;MITRO12-P120-130;;;;;;;;;;;;;;;;;;;;;;;;;;;;;;;;;-;-;
;MITRO12-P120-131;;;;;;;;;;;;;;;;;;;;;;;;;;;;;;;;;-;-;
;MITRO12-P120-132;;;;;;;;;;;;;;;;;;;;;;;;;;;;;;;;;-;-;
;MITRO12-P120-133;;;;;;;;;;;;;;;;;;;;;;;;;;;;;;;;;-;-;
;MITRO12-P120-134;;;;;;;;;;;;;;;;;;;;;;;;;;;;;;;;;-;-;
;MITRO12-P120-135;;;;;;;;;;;;;;;;;;;;;;;;;;;;;;;;;-;-;
;MITRO12-P120-136;;;;;;;;;;;;;;;;;;;;;;;;;;;;;;;;;-;-;
;MITRO12-P120-137;;;;;;;;;;;;;;;;;;;;;;;;;;;;;;;;;-;-;
;MITRO12-P120-138;;;;;;;;;;;;;;;;;;;;;;;;;;;;;;;;;-;-;
;MITRO12-P120-139;;;;;;;;;;;;;;;;;;;;;;;;;;;;;;;;;-;-;
;MITRO12-P120-140;;;;;;;;;;;;;;;;;;;;;;;;;;;;;;;;;-;-;
;MITRO12-P120-141;;;;;;;;;;;;;;;;;;;;;;;;;;;;;;;;;-;-;
;MITRO12-P120-142;;;;;;;;;;;;;;;;;;;;;;;;;;;;;;;;;-;-;
;MITRO12-P120-143;;;;;;;;;;;;;;;;;;;;;;;;;;;;;;;;;-;-;
;MITRO12-P120-144;;;;;;;;;;;;;;;;;;;;;;;;;;;;;;;;;-;-;
;MITRO12-P120-145;;;;;;;;;;;;;;;;;;;;;;;;;;;;;;;;;-;-;
;MITRO12-P120-146;;;;;;;;;;;;;;;;;;;;;;;;;;;;;;;;;-;-;
;MITRO12-P120-147;;;;;;;;;;;;;;;;;;;;;;;;;;;;;;;;;-;-;
;MITRO12-P120-148;;;;;;;;;;;;;;;;;;;;;;;;;;;;;;;;;-;-;
;MITRO12-P120-149;;;;;;;;;;;;;;;;;;;;;;;;;;;;;;;;;-;-;
;MITRO12-P120-150;;;;;;;;;;;;;;;;;;;;;;;;;;;;;;;;;-;-;
;MITRO12-P120-151;;;;;;;;;;;;;;;;;;;;;;;;;;;;;;;;;-;-;
;MITRO12-P120-152;;;;;;;;;;;;;;;;;;;;;;;;;;;;;;;;;-;-;
;MITRO12-P120-153;;;;;;;;;;;;;;;;;;;;;;;;;;;;;;;;;-;-;
;MITRO12-P120-154;;;;;;;;;;;;;;;;;;;;;;;;;;;;;;;;;-;-;
;MITRO12-P120-155;;;;;;;;;;;;;;;;;;;;;;;;;;;;;;;;;-;-;
;MITRO12-P120-156;;;;;;;;;;;;;;;;;;;;;;;;;;;;;;;;;-;-;
;MITRO12-P120-157;;;;;;;;;;;;;;;;;;;;;;;;;;;;;;;;;-;-;
;MITRO12-P120-158;;;;;;;;;;;;;;;;;;;;;;;;;;;;;;;;;-;-;
;MITRO12-P120-159;;;;;;;;;;;;;;;;;;;;;;;;;;;;;;;;;-;-;
;MITRO12-P120-160;;;;;;;;;;;;;;;;;;;;;;;;;;;;;;;;;-;-;
;MITRO12-P120-161;;;;;;;;;;;;;;;;;;;;;;;;;;;;;;;;;-;-;
;MITRO12-P120-162;;;;;;;;;;;;;;;;;;;;;;;;;;;;;;;;;-;-;
;MITRO12-P120-163;;;;;;;;;;;;;;;;;;;;;;;;;;;;;;;;;-;-;
;MITRO12-P120-164;;;;;;;;;;;;;;;;;;;;;;;;;;;;;;;;;-;-;
;MITRO12-P120-165;;;;;;;;;;;;;;;;;;;;;;;;;;;;;;;;;-;-;
;MITRO12-P120-166;;;;;;;;;;;;;;;;;;;;;;;;;;;;;;;;;-;-;
;MITRO12-P120-167;;;;;;;;;;;;;;;;;;;;;;;;;;;;;;;;;-;-;
;MITRO12-P120-168;;;;;;;;;;;;;;;;;;;;;;;;;;;;;;;;;-;-;
;MITRO12-P120-169;;;;;;;;;;;;;;;;;;;;;;;;;;;;;;;;;-;-;
;MITRO12-P120-170;;;;;;;;;;;;;;;;;;;;;;;;;;;;;;;;;-;-;
;MITRO12-P120-171;;;;;;;;;;;;;;;;;;;;;;;;;;;;;;;;;-;-;
;MITRO12-P120-172;;;;;;;;;;;;;;;;;;;;;;;;;;;;;;;;;-;-;
;MITRO12-P120-173;;;;;;;;;;;;;;;;;;;;;;;;;;;;;;;;;-;-;
;MITRO12-P120-174;;;;;;;;;;;;;;;;;;;;;;;;;;;;;;;;;-;-;
;MITRO12-P120-175;;;;;;;;;;;;;;;;;;;;;;;;;;;;;;;;;-;-;
;MITRO12-P120-176;;;;;;;;;;;;;;;;;;;;;;;;;;;;;;;;;-;-;
;MITRO12-P120-177;;;;;;;;;;;;;;;;;;;;;;;;;;;;;;;;;-;-;
;MITRO12-P120-178;;;;;;;;;;;;;;;;;;;;;;;;;;;;;;;;;-;-;
;MITRO12-P120-179;;;;;;;;;;;;;;;;;;;;;;;;;;;;;;;;;-;-;
;MITRO12-P120-180;;;;;;;;;;;;;;;;;;;;;;;;;;;;;;;;;-;-;
;MITRO12-P120-181;;;;;;;;;;;;;;;;;;;;;;;;;;;;;;;;;-;-;
;MITRO12-P120-182;;;;;;;;;;;;;;;;;;;;;;;;;;;;;;;;;-;-;
;MITRO12-P120-183;;;;;;;;;;;;;;;;;;;;;;;;;;;;;;;;;-;-;
;MITRO12-P120-184;;;;;;;;;;;;;;;;;;;;;;;;;;;;;;;;;-;-;
;MITRO12-P120-185;;;;;;;;;;;;;;;;;;;;;;;;;;;;;;;;;-;-;
;MITRO12-P120-186;;;;;;;;;;;;;;;;;;;;;;;;;;;;;;;;;-;-;
;MITRO12-P120-187;;;;;;;;;;;;;;;;;;;;;;;;;;;;;;;;;-;-;
;MITRO12-P120-188;;;;;;;;;;;;;;;;;;;;;;;;;;;;;;;;;-;-;
;MITRO12-P120-189;;;;;;;;;;;;;;;;;;;;;;;;;;;;;;;;;-;-;
;MITRO12-P120-190;;;;;;;;;;;;;;;;;;;;;;;;;;;;;;;;;-;-;
;MITRO12-P120-191;;;;;;;;;;;;;;;;;;;;;;;;;;;;;;;;;-;-;
;MITRO12-P120-192;;;;;;;;;;;;;;;;;;;;;;;;;;;;;;;;;-;-;
;MITRO12-P120-193;;;;;;;;;;;;;;;;;;;;;;;;;;;;;;;;;-;-;
;MITRO12-P120-194;;;;;;;;;;;;;;;;;;;;;;;;;;;;;;;;;-;-;
;MITRO12-P120-195;;;;;;;;;;;;;;;;;;;;;;;;;;;;;;;;;-;-;
;MITRO12-P120-196;;;;;;;;;;;;;;;;;;;;;;;;;;;;;;;;;-;-;
;MITRO12-P120-197;;;;;;;;;;;;;;;;;;;;;;;;;;;;;;;;;-;-;
;MITRO12-P120-198;;;;;;;;;;;;;;;;;;;;;;;;;;;;;;;;;-;-;
;MITRO12-P120-199;;;;;;;;;;;;;;;;;;;;;;;;;;;;;;;;;-;-;
;MITRO12-P120-200;;;;;;;;;;;;;;;;;;;;;;;;;;;;;;;;;-;-;
;MITRO12-P120-201;;;;;;;;;;;;;;;;;;;;;;;;;;;;;;;;;-;-;
;MITRO12-P120-202;;;;;;;;;;;;;;;;;;;;;;;;;;;;;;;;;-;-;
;MITRO12-P120-203;;;;;;;;;;;;;;;;;;;;;;;;;;;;;;;;;-;-;
;MITRO12-P120-204;;;;;;;;;;;;;;;;;;;;;;;;;;;;;;;;;-;-;
;MITRO12-P120-205;;;;;;;;;;;;;;;;;;;;;;;;;;;;;;;;;-;-;
;MITRO12-P120-206;;;;;;;;;;;;;;;;;;;;;;;;;;;;;;;;;-;-;
;MITRO12-P120-207;;;;;;;;;;;;;;;;;;;;;;;;;;;;;;;;;-;-;
;MITRO12-P120-208;;;;;;;;;;;;;;;;;;;;;;;;;;;;;;;;;-;-;
;MITRO12-P120-209;;;;;;;;;;;;;;;;;;;;;;;;;;;;;;;;;-;-;
;MITRO12-P120-210;;;;;;;;;;;;;;;;;;;;;;;;;;;;;;;;;-;-;
;MITRO12-P120-211;;;;;;;;;;;;;;;;;;;;;;;;;;;;;;;;;-;-;
;MITRO12-P120-212;;;;;;;;;;;;;;;;;;;;;;;;;;;;;;;;;-;-;
;MITRO12-P120-213;;;;;;;;;;;;;;;;;;;;;;;;;;;;;;;;;-;-;
;MITRO12-P120-214;;;;;;;;;;;;;;;;;;;;;;;;;;;;;;;;;-;-;
;MITRO12-P120-215;;;;;;;;;;;;;;;;;;;;;;;;;;;;;;;;;-;-;
;MITRO12-P120-216;;;;;;;;;;;;;;;;;;;;;;;;;;;;;;;;;-;-;
;MITRO12-P120-217;;;;;;;;;;;;;;;;;;;;;;;;;;;;;;;;;-;-;
;MITRO12-P120-218;;;;;;;;;;;;;;;;;;;;;;;;;;;;;;;;;-;-;
;MITRO12-P120-219;;;;;;;;;;;;;;;;;;;;;;;;;;;;;;;;;-;-;
;MITRO12-P120-220;;;;;;;;;;;;;;;;;;;;;;;;;;;;;;;;;-;-;
;MITRO12-P120-221;;;;;;;;;;;;;;;;;;;;;;;;;;;;;;;;;-;-;
;MITRO12-P120-222;;;;;;;;;;;;;;;;;;;;;;;;;;;;;;;;;-;-;
;MITRO12-P120-223;;;;;;;;;;;;;;;;;;;;;;;;;;;;;;;;;-;-;
;MITRO12-P120-224;;;;;;;;;;;;;;;;;;;;;;;;;;;;;;;;;-;-;
;MITRO12-P120-225;;;;;;;;;;;;;;;;;;;;;;;;;;;;;;;;;-;-;
;MITRO12-P120-226;;;;;;;;;;;;;;;;;;;;;;;;;;;;;;;;;-;-;
;MITRO12-P120-227;;;;;;;;;;;;;;;;;;;;;;;;;;;;;;;;;-;-;
;MITRO12-P120-228;;;;;;;;;;;;;;;;;;;;;;;;;;;;;;;;;-;-;
;MITRO12-P120-229;;;;;;;;;;;;;;;;;;;;;;;;;;;;;;;;;-;-;
;MITRO12-P120-230;;;;;;;;;;;;;;;;;;;;;;;;;;;;;;;;;-;-;
;MITRO12-P120-231;;;;;;;;;;;;;;;;;;;;;;;;;;;;;;;;;-;-;
;MITRO12-P120-232;;;;;;;;;;;;;;;;;;;;;;;;;;;;;;;;;-;-;
;MITRO12-P120-233;;;;;;;;;;;;;;;;;;;;;;;;;;;;;;;;;-;-;
;MITRO12-P120-234;;;;;;;;;;;;;;;;;;;;;;;;;;;;;;;;;-;-;
;MITRO12-P120-235;;;;;;;;;;;;;;;;;;;;;;;;;;;;;;;;;-;-;
;MITRO12-P120-236;;;;;;;;;;;;;;;;;;;;;;;;;;;;;;;;;-;-;
;MITRO12-P120-237;;;;;;;;;;;;;;;;;;;;;;;;;;;;;;;;;-;-;
;MITRO12-P120-238;;;;;;;;;;;;;;;;;;;;;;;;;;;;;;;;;-;-;
;MITRO12-P120-239;;;;;;;;;;;;;;;;;;;;;;;;;;;;;;;;;-;-;
;MITRO12-P120-240;;;;;;;;;;;;;;;;;;;;;;;;;;;;;;;;;-;-;
;MITRO12-P120-241;;;;;;;;;;;;;;;;;;;;;;;;;;;;;;;;;-;-;
;MITRO12-P120-242;;;;;;;;;;;;;;;;;;;;;;;;;;;;;;;;;-;-;
;MITRO12-P120-243;;;;;;;;;;;;;;;;;;;;;;;;;;;;;;;;;-;-;
;MITRO12-P120-244;;;;;;;;;;;;;;;;;;;;;;;;;;;;;;;;;-;-;
;MITRO12-P120-245;;;;;;;;;;;;;;;;;;;;;;;;;;;;;;;;;-;-;
;MITRO12-P120-246;;;;;;;;;;;;;;;;;;;;;;;;;;;;;;;;;-;-;
;MITRO12-P120-247;;;;;;;;;;;;;;;;;;;;;;;;;;;;;;;;;-;-;
;MITRO12-P120-248;;;;;;;;;;;;;;;;;;;;;;;;;;;;;;;;;-;-;
;MITRO12-P120-249;;;;;;;;;;;;;;;;;;;;;;;;;;;;;;;;;-;-;
;MITRO12-P120-250;;;;;;;;;;;;;;;;;;;;;;;;;;;;;;;;;-;-;
;MITRO12-P120-251;;;;;;;;;;;;;;;;;;;;;;;;;;;;;;;;;-;-;
;MITRO12-P120-252;;;;;;;;;;;;;;;;;;;;;;;;;;;;;;;;;-;-;
;MITRO12-P120-253;;;;;;;;;;;;;;;;;;;;;;;;;;;;;;;;;-;-;
;MITRO12-P120-254;;;;;;;;;;;;;;;;;;;;;;;;;;;;;;;;;-;-;
;MITRO12-P120-255;;;;;;;;;;;;;;;;;;;;;;;;;;;;;;;;;-;-;
;MITRO12-P120-256;;;;;;;;;;;;;;;;;;;;;;;;;;;;;;;;;-;-;
;MITRO12-P120-257;;;;;;;;;;;;;;;;;;;;;;;;;;;;;;;;;-;-;
;MITRO12-P120-258;;;;;;;;;;;;;;;;;;;;;;;;;;;;;;;;;-;-;
;MITRO12-P120-259;;;;;;;;;;;;;;;;;;;;;;;;;;;;;;;;;-;-;
;MITRO12-P120-260;;;;;;;;;;;;;;;;;;;;;;;;;;;;;;;;;-;-;
;MITRO12-P120-261;;;;;;;;;;;;;;;;;;;;;;;;;;;;;;;;;-;-;
;MITRO12-P120-262;;;;;;;;;;;;;;;;;;;;;;;;;;;;;;;;;-;-;
;MITRO12-P120-263;;;;;;;;;;;;;;;;;;;;;;;;;;;;;;;;;-;-;
;MITRO12-P120-264;;;;;;;;;;;;;;;;;;;;;;;;;;;;;;;;;-;-;
;MITRO12-P120-265;;;;;;;;;;;;;;;;;;;;;;;;;;;;;;;;;-;-;
;MITRO12-P120-266;;;;;;;;;;;;;;;;;;;;;;;;;;;;;;;;;-;-;
;MITRO12-P120-267;;;;;;;;;;;;;;;;;;;;;;;;;;;;;;;;;-;-;
;MITRO12-P120-268;;;;;;;;;;;;;;;;;;;;;;;;;;;;;;;;;-;-;
;MITRO12-P120-269;;;;;;;;;;;;;;;;;;;;;;;;;;;;;;;;;-;-;
;MITRO12-P120-270;;;;;;;;;;;;;;;;;;;;;;;;;;;;;;;;;-;-;
;MITRO12-P120-271;;;;;;;;;;;;;;;;;;;;;;;;;;;;;;;;;-;-;
;MITRO12-P120-272;;;;;;;;;;;;;;;;;;;;;;;;;;;;;;;;;-;-;
;MITRO12-P120-273;;;;;;;;;;;;;;;;;;;;;;;;;;;;;;;;;-;-;
;MITRO12-P120-274;;;;;;;;;;;;;;;;;;;;;;;;;;;;;;;;;-;-;
;MITRO12-P120-275;;;;;;;;;;;;;;;;;;;;;;;;;;;;;;;;;-;-;
;MITRO12-P120-276;;;;;;;;;;;;;;;;;;;;;;;;;;;;;;;;;-;-;
;MITRO12-P120-277;;;;;;;;;;;;;;;;;;;;;;;;;;;;;;;;;-;-;
;MITRO12-P120-278;;;;;;;;;;;;;;;;;;;;;;;;;;;;;;;;;-;-;
;MITRO12-P120-279;;;;;;;;;;;;;;;;;;;;;;;;;;;;;;;;;-;-;
;MITRO12-P120-280;;;;;;;;;;;;;;;;;;;;;;;;;;;;;;;;;-;-;
;MITRO12-P120-281;;;;;;;;;;;;;;;;;;;;;;;;;;;;;;;;;-;-;
;MITRO12-P120-282;;;;;;;;;;;;;;;;;;;;;;;;;;;;;;;;;-;-;
;MITRO12-P120-283;;;;;;;;;;;;;;;;;;;;;;;;;;;;;;;;;-;-;
;MITRO12-P120-284;;;;;;;;;;;;;;;;;;;;;;;;;;;;;;;;;-;-;
;MITRO12-P120-285;;;;;;;;;;;;;;;;;;;;;;;;;;;;;;;;;-;-;
;MITRO12-P120-286;;;;;;;;;;;;;;;;;;;;;;;;;;;;;;;;;-;-;
;MITRO12-P120-287;;;;;;;;;;;;;;;;;;;;;;;;;;;;;;;;;-;-;
;MITRO12-P120-288;;;;;;;;;;;;;;;;;;;;;;;;;;;;;;;;;-;-;
;MITRO12-P120-289;;;;;;;;;;;;;;;;;;;;;;;;;;;;;;;;;-;-;
;MITRO12-P120-290;;;;;;;;;;;;;;;;;;;;;;;;;;;;;;;;;-;-;
;MITRO12-P120-291;;;;;;;;;;;;;;;;;;;;;;;;;;;;;;;;;-;-;
;MITRO12-P120-292;;;;;;;;;;;;;;;;;;;;;;;;;;;;;;;;;-;-;
;MITRO12-P120-293;;;;;;;;;;;;;;;;;;;;;;;;;;;;;;;;;-;-;
;MITRO12-P120-294;;;;;;;;;;;;;;;;;;;;;;;;;;;;;;;;;-;-;
;MITRO12-P120-295;;;;;;;;;;;;;;;;;;;;;;;;;;;;;;;;;-;-;
;MITRO12-P120-296;;;;;;;;;;;;;;;;;;;;;;;;;;;;;;;;;-;-;
;MITRO12-P120-297;;;;;;;;;;;;;;;;;;;;;;;;;;;;;;;;;-;-;
;MITRO12-P120-298;;;;;;;;;;;;;;;;;;;;;;;;;;;;;;;;;-;-;
;MITRO12-P120-299;;;;;;;;;;;;;;;;;;;;;;;;;;;;;;;;;-;-;
;MITRO12-P120-300;;;;;;;;;;;;;;;;;;;;;;;;;;;;;;;;;-;-;
;MITRO12-P120-301;;;;;;;;;;;;;;;;;;;;;;;;;;;;;;;;;-;-;
;MITRO12-P120-302;;;;;;;;;;;;;;;;;;;;;;;;;;;;;;;;;-;-;
;MITRO12-P120-303;;;;;;;;;;;;;;;;;;;;;;;;;;;;;;;;;-;-;
;MITRO12-P120-304;;;;;;;;;;;;;;;;;;;;;;;;;;;;;;;;;-;-;
;MITRO12-P120-305;;;;;;;;;;;;;;;;;;;;;;;;;;;;;;;;;-;-;
;MITRO12-P120-306;;;;;;;;;;;;;;;;;;;;;;;;;;;;;;;;;-;-;
;MITRO12-P120-307;;;;;;;;;;;;;;;;;;;;;;;;;;;;;;;;;-;-;
;MITRO12-P120-308;;;;;;;;;;;;;;;;;;;;;;;;;;;;;;;;;-;-;
;MITRO12-P120-309;;;;;;;;;;;;;;;;;;;;;;;;;;;;;;;;;-;-;
;MITRO12-P120-310;;;;;;;;;;;;;;;;;;;;;;;;;;;;;;;;;-;-;
;MITRO12-P120-311;;;;;;;;;;;;;;;;;;;;;;;;;;;;;;;;;-;-;
;MITRO12-P120-312;;;;;;;;;;;;;;;;;;;;;;;;;;;;;;;;;-;-;
;MITRO12-P120-313;;;;;;;;;;;;;;;;;;;;;;;;;;;;;;;;;-;-;
;MITRO12-P120-314;;;;;;;;;;;;;;;;;;;;;;;;;;;;;;;;;-;-;
;MITRO12-P120-315;;;;;;;;;;;;;;;;;;;;;;;;;;;;;;;;;-;-;
;MITRO12-P120-316;;;;;;;;;;;;;;;;;;;;;;;;;;;;;;;;;-;-;
;MITRO12-P120-317;;;;;;;;;;;;;;;;;;;;;;;;;;;;;;;;;-;-;
;MITRO12-P120-318;;;;;;;;;;;;;;;;;;;;;;;;;;;;;;;;;-;-;
;MITRO12-P120-319;;;;;;;;;;;;;;;;;;;;;;;;;;;;;;;;;-;-;
;MITRO12-P120-320;;;;;;;;;;;;;;;;;;;;;;;;;;;;;;;;;-;-;
;MITRO12-P120-321;;;;;;;;;;;;;;;;;;;;;;;;;;;;;;;;;-;-;
;MITRO12-P120-322;;;;;;;;;;;;;;;;;;;;;;;;;;;;;;;;;-;-;
;MITRO12-P120-323;;;;;;;;;;;;;;;;;;;;;;;;;;;;;;;;;-;-;
;MITRO12-P120-324;;;;;;;;;;;;;;;;;;;;;;;;;;;;;;;;;-;-;
;MITRO12-P120-325;;;;;;;;;;;;;;;;;;;;;;;;;;;;;;;;;-;-;
;MITRO12-P120-326;;;;;;;;;;;;;;;;;;;;;;;;;;;;;;;;;-;-;
;MITRO12-P120-327;;;;;;;;;;;;;;;;;;;;;;;;;;;;;;;;;-;-;
;MITRO12-P120-328;;;;;;;;;;;;;;;;;;;;;;;;;;;;;;;;;-;-;
;MITRO12-P120-329;;;;;;;;;;;;;;;;;;;;;;;;;;;;;;;;;-;-;
;MITRO12-P120-330;;;;;;;;;;;;;;;;;;;;;;;;;;;;;;;;;-;-;
;MITRO12-P120-331;;;;;;;;;;;;;;;;;;;;;;;;;;;;;;;;;-;-;
;MITRO12-P120-332;;;;;;;;;;;;;;;;;;;;;;;;;;;;;;;;;-;-;
;MITRO12-P120-333;;;;;;;;;;;;;;;;;;;;;;;;;;;;;;;;;-;-;
;MITRO12-P120-334;;;;;;;;;;;;;;;;;;;;;;;;;;;;;;;;;-;-;
;MITRO12-P120-335;;;;;;;;;;;;;;;;;;;;;;;;;;;;;;;;;-;-;
;MITRO12-P120-336;;;;;;;;;;;;;;;;;;;;;;;;;;;;;;;;;-;-;
;MITRO12-P120-337;;;;;;;;;;;;;;;;;;;;;;;;;;;;;;;;;-;-;
;MITRO12-P120-338;;;;;;;;;;;;;;;;;;;;;;;;;;;;;;;;;-;-;
;MITRO12-P120-339;;;;;;;;;;;;;;;;;;;;;;;;;;;;;;;;;-;-;
;MITRO12-P120-340;;;;;;;;;;;;;;;;;;;;;;;;;;;;;;;;;-;-;
;MITRO12-P120-341;;;;;;;;;;;;;;;;;;;;;;;;;;;;;;;;;-;-;
;MITRO12-P120-342;;;;;;;;;;;;;;;;;;;;;;;;;;;;;;;;;-;-;
;MITRO12-P120-343;;;;;;;;;;;;;;;;;;;;;;;;;;;;;;;;;-;-;
;MITRO12-P120-344;;;;;;;;;;;;;;;;;;;;;;;;;;;;;;;;;-;-;
;MITRO12-P120-345;;;;;;;;;;;;;;;;;;;;;;;;;;;;;;;;;-;-;
;MITRO12-P120-346;;;;;;;;;;;;;;;;;;;;;;;;;;;;;;;;;-;-;
;MITRO12-P120-347;;;;;;;;;;;;;;;;;;;;;;;;;;;;;;;;;-;-;
;MITRO12-P120-348;;;;;;;;;;;;;;;;;;;;;;;;;;;;;;;;;-;-;
;MITRO12-P120-349;;;;;;;;;;;;;;;;;;;;;;;;;;;;;;;;;-;-;
;MITRO12-P120-350;;;;;;;;;;;;;;;;;;;;;;;;;;;;;;;;;-;-;
;MITRO12-P120-351;;;;;;;;;;;;;;;;;;;;;;;;;;;;;;;;;-;-;
;MITRO12-P120-352;;;;;;;;;;;;;;;;;;;;;;;;;;;;;;;;;-;-;
;MITRO12-P120-353;;;;;;;;;;;;;;;;;;;;;;;;;;;;;;;;;-;-;
;MITRO12-P120-354;;;;;;;;;;;;;;;;;;;;;;;;;;;;;;;;;-;-;
;MITRO12-P120-355;;;;;;;;;;;;;;;;;;;;;;;;;;;;;;;;;-;-;
;MITRO12-P120-356;;;;;;;;;;;;;;;;;;;;;;;;;;;;;;;;;-;-;
;MITRO12-P120-357;;;;;;;;;;;;;;;;;;;;;;;;;;;;;;;;;-;-;
;MITRO12-P120-358;;;;;;;;;;;;;;;;;;;;;;;;;;;;;;;;;-;-;
;MITRO12-P120-359;;;;;;;;;;;;;;;;;;;;;;;;;;;;;;;;;-;-;
;MITRO12-P120-360;;;;;;;;;;;;;;;;;;;;;;;;;;;;;;;;;-;-;
;MITRO12-P120-361;;;;;;;;;;;;;;;;;;;;;;;;;;;;;;;;;-;-;
;MITRO12-P120-362;;;;;;;;;;;;;;;;;;;;;;;;;;;;;;;;;-;-;
;MITRO12-P120-363;;;;;;;;;;;;;;;;;;;;;;;;;;;;;;;;;-;-;
;MITRO12-P120-364;;;;;;;;;;;;;;;;;;;;;;;;;;;;;;;;;-;-;
;MITRO12-P120-365;;;;;;;;;;;;;;;;;;;;;;;;;;;;;;;;;-;-;
;MITRO12-P120-366;;;;;;;;;;;;;;;;;;;;;;;;;;;;;;;;;-;-;
;MITRO12-P120-367;;;;;;;;;;;;;;;;;;;;;;;;;;;;;;;;;-;-;
;MITRO12-P120-368;;;;;;;;;;;;;;;;;;;;;;;;;;;;;;;;;-;-;
;MITRO12-P120-369;;;;;;;;;;;;;;;;;;;;;;;;;;;;;;;;;-;-;
;MITRO12-P120-370;;;;;;;;;;;;;;;;;;;;;;;;;;;;;;;;;-;-;
;MITRO12-P120-371;;;;;;;;;;;;;;;;;;;;;;;;;;;;;;;;;-;-;
;MITRO12-P120-372;;;;;;;;;;;;;;;;;;;;;;;;;;;;;;;;;-;-;
;MITRO12-P120-373;;;;;;;;;;;;;;;;;;;;;;;;;;;;;;;;;-;-;
;MITRO12-P120-374;;;;;;;;;;;;;;;;;;;;;;;;;;;;;;;;;-;-;
;MITRO12-P120-375;;;;;;;;;;;;;;;;;;;;;;;;;;;;;;;;;-;-;
;MITRO12-P120-376;;;;;;;;;;;;;;;;;;;;;;;;;;;;;;;;;-;-;
;MITRO12-P120-377;;;;;;;;;;;;;;;;;;;;;;;;;;;;;;;;;-;-;
;MITRO12-P120-378;;;;;;;;;;;;;;;;;;;;;;;;;;;;;;;;;-;-;
;MITRO12-P120-379;;;;;;;;;;;;;;;;;;;;;;;;;;;;;;;;;-;-;
;MITRO12-P120-380;;;;;;;;;;;;;;;;;;;;;;;;;;;;;;;;;-;-;
;MITRO12-P120-381;;;;;;;;;;;;;;;;;;;;;;;;;;;;;;;;;-;-;
;MITRO12-P120-382;;;;;;;;;;;;;;;;;;;;;;;;;;;;;;;;;-;-;
;MITRO12-P120-383;;;;;;;;;;;;;;;;;;;;;;;;;;;;;;;;;-;-;
;MITRO12-P120-384;;;;;;;;;;;;;;;;;;;;;;;;;;;;;;;;;-;-;
;MITRO12-P120-385;;;;;;;;;;;;;;;;;;;;;;;;;;;;;;;;;-;-;
;MITRO12-P120-386;;;;;;;;;;;;;;;;;;;;;;;;;;;;;;;;;-;-;
;MITRO12-P120-387;;;;;;;;;;;;;;;;;;;;;;;;;;;;;;;;;-;-;
;MITRO12-P120-388;;;;;;;;;;;;;;;;;;;;;;;;;;;;;;;;;-;-;
;MITRO12-P120-389;;;;;;;;;;;;;;;;;;;;;;;;;;;;;;;;;-;-;
;MITRO12-P120-390;;;;;;;;;;;;;;;;;;;;;;;;;;;;;;;;;-;-;
;MITRO12-P120-391;;;;;;;;;;;;;;;;;;;;;;;;;;;;;;;;;-;-;
;MITRO12-P120-392;;;;;;;;;;;;;;;;;;;;;;;;;;;;;;;;;-;-;
;MITRO12-P120-393;;;;;;;;;;;;;;;;;;;;;;;;;;;;;;;;;-;-;
;MITRO12-P120-394;;;;;;;;;;;;;;;;;;;;;;;;;;;;;;;;;-;-;
;MITRO12-P120-395;;;;;;;;;;;;;;;;;;;;;;;;;;;;;;;;;-;-;
;MITRO12-P120-396;;;;;;;;;;;;;;;;;;;;;;;;;;;;;;;;;-;-;
;MITRO12-P120-397;;;;;;;;;;;;;;;;;;;;;;;;;;;;;;;;;-;-;
;MITRO12-P120-398;;;;;;;;;;;;;;;;;;;;;;;;;;;;;;;;;-;-;
;MITRO12-P120-399;;;;;;;;;;;;;;;;;;;;;;;;;;;;;;;;;-;-;
;MITRO12-P120-400;;;;;;;;;;;;;;;;;;;;;;;;;;;;;;;;;-;-;
;MITRO12-P120-401;;;;;;;;;;;;;;;;;;;;;;;;;;;;;;;;;-;-;
;MITRO12-P120-402;;;;;;;;;;;;;;;;;;;;;;;;;;;;;;;;;-;-;
;MITRO12-P120-403;;;;;;;;;;;;;;;;;;;;;;;;;;;;;;;;;-;-;
;MITRO12-P120-404;;;;;;;;;;;;;;;;;;;;;;;;;;;;;;;;;-;-;
;MITRO12-P120-405;;;;;;;;;;;;;;;;;;;;;;;;;;;;;;;;;-;-;
;MITRO12-P120-406;;;;;;;;;;;;;;;;;;;;;;;;;;;;;;;;;-;-;
;MITRO12-P120-407;;;;;;;;;;;;;;;;;;;;;;;;;;;;;;;;;-;-;
;MITRO12-P120-408;;;;;;;;;;;;;;;;;;;;;;;;;;;;;;;;;-;-;
;MITRO12-P120-409;;;;;;;;;;;;;;;;;;;;;;;;;;;;;;;;;-;-;
;MITRO12-P120-410;;;;;;;;;;;;;;;;;;;;;;;;;;;;;;;;;-;-;
;MITRO12-P120-411;;;;;;;;;;;;;;;;;;;;;;;;;;;;;;;;;-;-;
;MITRO12-P120-412;;;;;;;;;;;;;;;;;;;;;;;;;;;;;;;;;-;-;
;MITRO12-P120-413;;;;;;;;;;;;;;;;;;;;;;;;;;;;;;;;;-;-;
;MITRO12-P120-414;;;;;;;;;;;;;;;;;;;;;;;;;;;;;;;;;-;-;
;MITRO12-P120-415;;;;;;;;;;;;;;;;;;;;;;;;;;;;;;;;;-;-;
;MITRO12-P120-416;;;;;;;;;;;;;;;;;;;;;;;;;;;;;;;;;-;-;
;MITRO12-P120-417;;;;;;;;;;;;;;;;;;;;;;;;;;;;;;;;;-;-;
;MITRO12-P120-418;;;;;;;;;;;;;;;;;;;;;;;;;;;;;;;;;-;-;
;MITRO12-P120-419;;;;;;;;;;;;;;;;;;;;;;;;;;;;;;;;;-;-;
;MITRO12-P120-420;;;;;;;;;;;;;;;;;;;;;;;;;;;;;;;;;-;-;
;MITRO12-P120-421;;;;;;;;;;;;;;;;;;;;;;;;;;;;;;;;;-;-;
;MITRO12-P120-422;;;;;;;;;;;;;;;;;;;;;;;;;;;;;;;;;-;-;
;MITRO12-P120-423;;;;;;;;;;;;;;;;;;;;;;;;;;;;;;;;;-;-;
;MITRO12-P120-424;;;;;;;;;;;;;;;;;;;;;;;;;;;;;;;;;-;-;
;MITRO12-P120-425;;;;;;;;;;;;;;;;;;;;;;;;;;;;;;;;;-;-;
;MITRO12-P120-426;;;;;;;;;;;;;;;;;;;;;;;;;;;;;;;;;-;-;
;MITRO12-P120-427;;;;;;;;;;;;;;;;;;;;;;;;;;;;;;;;;-;-;
;MITRO12-P120-428;;;;;;;;;;;;;;;;;;;;;;;;;;;;;;;;;-;-;
;MITRO12-P120-429;;;;;;;;;;;;;;;;;;;;;;;;;;;;;;;;;-;-;
;MITRO12-P120-430;;;;;;;;;;;;;;;;;;;;;;;;;;;;;;;;;-;-;
;MITRO12-P120-431;;;;;;;;;;;;;;;;;;;;;;;;;;;;;;;;;-;-;
;MITRO12-P120-432;;;;;;;;;;;;;;;;;;;;;;;;;;;;;;;;;-;-;
;MITRO12-P120-433;;;;;;;;;;;;;;;;;;;;;;;;;;;;;;;;;-;-;
;MITRO12-P120-434;;;;;;;;;;;;;;;;;;;;;;;;;;;;;;;;;-;-;
;MITRO12-P120-435;;;;;;;;;;;;;;;;;;;;;;;;;;;;;;;;;-;-;
;MITRO12-P120-436;;;;;;;;;;;;;;;;;;;;;;;;;;;;;;;;;-;-;
;MITRO12-P120-437;;;;;;;;;;;;;;;;;;;;;;;;;;;;;;;;;-;-;
;MITRO12-P120-438;;;;;;;;;;;;;;;;;;;;;;;;;;;;;;;;;-;-;
;MITRO12-P120-439;;;;;;;;;;;;;;;;;;;;;;;;;;;;;;;;;-;-;
;MITRO12-P120-440;;;;;;;;;;;;;;;;;;;;;;;;;;;;;;;;;-;-;
;MITRO12-P120-441;;;;;;;;;;;;;;;;;;;;;;;;;;;;;;;;;-;-;
;MITRO12-P120-442;;;;;;;;;;;;;;;;;;;;;;;;;;;;;;;;;-;-;
;MITRO12-P120-443;;;;;;;;;;;;;;;;;;;;;;;;;;;;;;;;;-;-;
;MITRO12-P120-444;;;;;;;;;;;;;;;;;;;;;;;;;;;;;;;;;-;-;
;MITRO12-P120-445;;;;;;;;;;;;;;;;;;;;;;;;;;;;;;;;;-;-;
;MITRO12-P120-446;;;;;;;;;;;;;;;;;;;;;;;;;;;;;;;;;-;-;
;MITRO12-P120-447;;;;;;;;;;;;;;;;;;;;;;;;;;;;;;;;;-;-;
;MITRO12-P120-448;;;;;;;;;;;;;;;;;;;;;;;;;;;;;;;;;-;-;
;MITRO12-P120-449;;;;;;;;;;;;;;;;;;;;;;;;;;;;;;;;;-;-;
;MITRO12-P120-450;;;;;;;;;;;;;;;;;;;;;;;;;;;;;;;;;-;-;
;MITRO12-P120-451;;;;;;;;;;;;;;;;;;;;;;;;;;;;;;;;;-;-;
;MITRO12-P120-452;;;;;;;;;;;;;;;;;;;;;;;;;;;;;;;;;-;-;
;MITRO12-P120-453;;;;;;;;;;;;;;;;;;;;;;;;;;;;;;;;;-;-;
;MITRO12-P120-454;;;;;;;;;;;;;;;;;;;;;;;;;;;;;;;;;-;-;
;MITRO12-P120-455;;;;;;;;;;;;;;;;;;;;;;;;;;;;;;;;;-;-;
;MITRO12-P120-456;;;;;;;;;;;;;;;;;;;;;;;;;;;;;;;;;-;-;
;MITRO12-P120-457;;;;;;;;;;;;;;;;;;;;;;;;;;;;;;;;;-;-;
;MITRO12-P120-458;;;;;;;;;;;;;;;;;;;;;;;;;;;;;;;;;-;-;
;MITRO12-P120-459;;;;;;;;;;;;;;;;;;;;;;;;;;;;;;;;;-;-;
;MITRO12-P120-460;;;;;;;;;;;;;;;;;;;;;;;;;;;;;;;;;-;-;
;MITRO12-P120-461;;;;;;;;;;;;;;;;;;;;;;;;;;;;;;;;;-;-;
;MITRO12-P120-462;;;;;;;;;;;;;;;;;;;;;;;;;;;;;;;;;-;-;
;MITRO12-P120-463;;;;;;;;;;;;;;;;;;;;;;;;;;;;;;;;;-;-;
;MITRO12-P120-464;;;;;;;;;;;;;;;;;;;;;;;;;;;;;;;;;-;-;
;MITRO12-P120-465;;;;;;;;;;;;;;;;;;;;;;;;;;;;;;;;;-;-;
;MITRO12-P120-466;;;;;;;;;;;;;;;;;;;;;;;;;;;;;;;;;-;-;
;MITRO12-P120-467;;;;;;;;;;;;;;;;;;;;;;;;;;;;;;;;;-;-;
;MITRO12-P120-468;;;;;;;;;;;;;;;;;;;;;;;;;;;;;;;;;-;-;
;MITRO12-P120-469;;;;;;;;;;;;;;;;;;;;;;;;;;;;;;;;;-;-;
;MITRO12-P120-470;;;;;;;;;;;;;;;;;;;;;;;;;;;;;;;;;-;-;
;MITRO12-P120-471;;;;;;;;;;;;;;;;;;;;;;;;;;;;;;;;;-;-;
;MITRO12-P120-472;;;;;;;;;;;;;;;;;;;;;;;;;;;;;;;;;-;-;
;MITRO12-P120-473;;;;;;;;;;;;;;;;;;;;;;;;;;;;;;;;;-;-;
;MITRO12-P120-474;;;;;;;;;;;;;;;;;;;;;;;;;;;;;;;;;-;-;
;MITRO12-P120-475;;;;;;;;;;;;;;;;;;;;;;;;;;;;;;;;;-;-;
;MITRO12-P120-476;;;;;;;;;;;;;;;;;;;;;;;;;;;;;;;;;-;-;
;MITRO12-P120-477;;;;;;;;;;;;;;;;;;;;;;;;;;;;;;;;;-;-;
;MITRO12-P120-478;;;;;;;;;;;;;;;;;;;;;;;;;;;;;;;;;-;-;
;MITRO12-P120-479;;;;;;;;;;;;;;;;;;;;;;;;;;;;;;;;;-;-;
;MITRO12-P120-480;;;;;;;;;;;;;;;;;;;;;;;;;;;;;;;;;-;-;
;MITRO12-P120-481;;;;;;;;;;;;;;;;;;;;;;;;;;;;;;;;;-;-;
;MITRO12-P120-482;;;;;;;;;;;;;;;;;;;;;;;;;;;;;;;;;-;-;
;MITRO12-P120-483;;;;;;;;;;;;;;;;;;;;;;;;;;;;;;;;;-;-;
;MITRO12-P120-484;;;;;;;;;;;;;;;;;;;;;;;;;;;;;;;;;-;-;
;MITRO12-P120-485;;;;;;;;;;;;;;;;;;;;;;;;;;;;;;;;;-;-;
;MITRO12-P120-486;;;;;;;;;;;;;;;;;;;;;;;;;;;;;;;;;-;-;
;MITRO12-P120-487;;;;;;;;;;;;;;;;;;;;;;;;;;;;;;;;;-;-;
;MITRO12-P120-488;;;;;;;;;;;;;;;;;;;;;;;;;;;;;;;;;-;-;
;MITRO12-P120-489;;;;;;;;;;;;;;;;;;;;;;;;;;;;;;;;;-;-;
;MITRO12-P120-490;;;;;;;;;;;;;;;;;;;;;;;;;;;;;;;;;-;-;
;MITRO12-P120-491;;;;;;;;;;;;;;;;;;;;;;;;;;;;;;;;;-;-;
;MITRO12-P120-492;;;;;;;;;;;;;;;;;;;;;;;;;;;;;;;;;-;-;
;MITRO12-P120-493;;;;;;;;;;;;;;;;;;;;;;;;;;;;;;;;;-;-;
;MITRO12-P120-494;;;;;;;;;;;;;;;;;;;;;;;;;;;;;;;;;-;-;
;MITRO12-P120-495;;;;;;;;;;;;;;;;;;;;;;;;;;;;;;;;;-;-;
;MITRO12-P120-496;;;;;;;;;;;;;;;;;;;;;;;;;;;;;;;;;-;-;
;MITRO12-P120-497;;;;;;;;;;;;;;;;;;;;;;;;;;;;;;;;;-;-;
;MITRO12-P120-498;;;;;;;;;;;;;;;;;;;;;;;;;;;;;;;;;-;-;
;MITRO12-P120-499;;;;;;;;;;;;;;;;;;;;;;;;;;;;;;;;;-;-;
;MITRO12-P120-500;;;;;;;;;;;;;;;;;;;;;;;;;;;;;;;;;-;-;
;MITRO12-P120-501;;;;;;;;;;;;;;;;;;;;;;;;;;;;;;;;;-;-;
;MITRO12-P120-502;;;;;;;;;;;;;;;;;;;;;;;;;;;;;;;;;-;-;
;MITRO12-P120-503;;;;;;;;;;;;;;;;;;;;;;;;;;;;;;;;;-;-;
;MITRO12-P120-504;;;;;;;;;;;;;;;;;;;;;;;;;;;;;;;;;-;-;
;MITRO12-P120-505;;;;;;;;;;;;;;;;;;;;;;;;;;;;;;;;;-;-;
;MITRO12-P120-506;;;;;;;;;;;;;;;;;;;;;;;;;;;;;;;;;-;-;
;MITRO12-P120-507;;;;;;;;;;;;;;;;;;;;;;;;;;;;;;;;;-;-;
;MITRO12-P120-508;;;;;;;;;;;;;;;;;;;;;;;;;;;;;;;;;-;-;
;MITRO12-P120-509;;;;;;;;;;;;;;;;;;;;;;;;;;;;;;;;;-;-;
;MITRO12-P120-510;;;;;;;;;;;;;;;;;;;;;;;;;;;;;;;;;-;-;
;MITRO12-P120-511;;;;;;;;;;;;;;;;;;;;;;;;;;;;;;;;;-;-;
;MITRO12-P120-512;;;;;;;;;;;;;;;;;;;;;;;;;;;;;;;;;-;-;
;MITRO12-P120-513;;;;;;;;;;;;;;;;;;;;;;;;;;;;;;;;;-;-;
;MITRO12-P120-514;;;;;;;;;;;;;;;;;;;;;;;;;;;;;;;;;-;-;
;MITRO12-P120-515;;;;;;;;;;;;;;;;;;;;;;;;;;;;;;;;;-;-;
;MITRO12-P120-516;;;;;;;;;;;;;;;;;;;;;;;;;;;;;;;;;-;-;
;MITRO12-P120-517;;;;;;;;;;;;;;;;;;;;;;;;;;;;;;;;;-;-;
;MITRO12-P120-518;;;;;;;;;;;;;;;;;;;;;;;;;;;;;;;;;-;-;
;MITRO12-P120-519;;;;;;;;;;;;;;;;;;;;;;;;;;;;;;;;;-;-;
;MITRO12-P120-520;;;;;;;;;;;;;;;;;;;;;;;;;;;;;;;;;-;-;
;MITRO12-P120-521;;;;;;;;;;;;;;;;;;;;;;;;;;;;;;;;;-;-;
;MITRO12-P120-522;;;;;;;;;;;;;;;;;;;;;;;;;;;;;;;;;-;-;
;MITRO12-P120-523;;;;;;;;;;;;;;;;;;;;;;;;;;;;;;;;;-;-;
;MITRO12-P120-524;;;;;;;;;;;;;;;;;;;;;;;;;;;;;;;;;-;-;
;MITRO12-P120-525;;;;;;;;;;;;;;;;;;;;;;;;;;;;;;;;;-;-;
;MITRO12-P120-526;;;;;;;;;;;;;;;;;;;;;;;;;;;;;;;;;-;-;
;MITRO12-P120-527;;;;;;;;;;;;;;;;;;;;;;;;;;;;;;;;;-;-;
;MITRO12-P120-528;;;;;;;;;;;;;;;;;;;;;;;;;;;;;;;;;-;-;
;MITRO12-P120-529;;;;;;;;;;;;;;;;;;;;;;;;;;;;;;;;;-;-;
;MITRO12-P120-530;;;;;;;;;;;;;;;;;;;;;;;;;;;;;;;;;-;-;
;MITRO12-P120-531;;;;;;;;;;;;;;;;;;;;;;;;;;;;;;;;;-;-;
;MITRO12-P120-532;;;;;;;;;;;;;;;;;;;;;;;;;;;;;;;;;-;-;
;MITRO12-P120-533;;;;;;;;;;;;;;;;;;;;;;;;;;;;;;;;;-;-;
;MITRO12-P120-534;;;;;;;;;;;;;;;;;;;;;;;;;;;;;;;;;-;-;
;MITRO12-P120-535;;;;;;;;;;;;;;;;;;;;;;;;;;;;;;;;;-;-;
;MITRO12-P120-536;;;;;;;;;;;;;;;;;;;;;;;;;;;;;;;;;-;-;
;MITRO12-P120-537;;;;;;;;;;;;;;;;;;;;;;;;;;;;;;;;;-;-;
;MITRO12-P120-538;;;;;;;;;;;;;;;;;;;;;;;;;;;;;;;;;-;-;
;MITRO12-P120-539;;;;;;;;;;;;;;;;;;;;;;;;;;;;;;;;;-;-;
;MITRO12-P120-540;;;;;;;;;;;;;;;;;;;;;;;;;;;;;;;;;-;-;
;MITRO12-P120-541;;;;;;;;;;;;;;;;;;;;;;;;;;;;;;;;;-;-;
;MITRO12-P120-542;;;;;;;;;;;;;;;;;;;;;;;;;;;;;;;;;-;-;
;MITRO12-P120-543;;;;;;;;;;;;;;;;;;;;;;;;;;;;;;;;;-;-;
;MITRO12-P120-544;;;;;;;;;;;;;;;;;;;;;;;;;;;;;;;;;-;-;
;MITRO12-P120-545;;;;;;;;;;;;;;;;;;;;;;;;;;;;;;;;;-;-;
;MITRO12-P120-546;;;;;;;;;;;;;;;;;;;;;;;;;;;;;;;;;-;-;
;MITRO12-P120-547;;;;;;;;;;;;;;;;;;;;;;;;;;;;;;;;;-;-;
;MITRO12-P120-548;;;;;;;;;;;;;;;;;;;;;;;;;;;;;;;;;-;-;
;MITRO12-P120-549;;;;;;;;;;;;;;;;;;;;;;;;;;;;;;;;;-;-;
;MITRO12-P120-550;;;;;;;;;;;;;;;;;;;;;;;;;;;;;;;;;-;-;
;MITRO12-P120-551;;;;;;;;;;;;;;;;;;;;;;;;;;;;;;;;;-;-;
;MITRO12-P120-552;;;;;;;;;;;;;;;;;;;;;;;;;;;;;;;;;-;-;
;MITRO12-P120-553;;;;;;;;;;;;;;;;;;;;;;;;;;;;;;;;;-;-;
;MITRO12-P120-554;;;;;;;;;;;;;;;;;;;;;;;;;;;;;;;;;-;-;
;MITRO12-P120-555;;;;;;;;;;;;;;;;;;;;;;;;;;;;;;;;;-;-;
;MITRO12-P120-556;;;;;;;;;;;;;;;;;;;;;;;;;;;;;;;;;-;-;
;MITRO12-P120-557;;;;;;;;;;;;;;;;;;;;;;;;;;;;;;;;;-;-;
;MITRO12-P120-558;;;;;;;;;;;;;;;;;;;;;;;;;;;;;;;;;-;-;
;MITRO12-P120-559;;;;;;;;;;;;;;;;;;;;;;;;;;;;;;;;;-;-;
;MITRO12-P120-560;;;;;;;;;;;;;;;;;;;;;;;;;;;;;;;;;-;-;
;MITRO12-P120-561;;;;;;;;;;;;;;;;;;;;;;;;;;;;;;;;;-;-;
;MITRO12-P120-562;;;;;;;;;;;;;;;;;;;;;;;;;;;;;;;;;-;-;
;MITRO12-P120-563;;;;;;;;;;;;;;;;;;;;;;;;;;;;;;;;;-;-;
;MITRO12-P120-564;;;;;;;;;;;;;;;;;;;;;;;;;;;;;;;;;-;-;
;MITRO12-P120-565;;;;;;;;;;;;;;;;;;;;;;;;;;;;;;;;;-;-;
;MITRO12-P120-566;;;;;;;;;;;;;;;;;;;;;;;;;;;;;;;;;-;-;
;MITRO12-P120-567;;;;;;;;;;;;;;;;;;;;;;;;;;;;;;;;;-;-;
;MITRO12-P120-568;;;;;;;;;;;;;;;;;;;;;;;;;;;;;;;;;-;-;
;MITRO12-P120-569;;;;;;;;;;;;;;;;;;;;;;;;;;;;;;;;;-;-;
;MITRO12-P120-570;;;;;;;;;;;;;;;;;;;;;;;;;;;;;;;;;-;-;
;MITRO12-P120-571;;;;;;;;;;;;;;;;;;;;;;;;;;;;;;;;;-;-;
;MITRO12-P120-572;;;;;;;;;;;;;;;;;;;;;;;;;;;;;;;;;-;-;
;MITRO12-P120-573;;;;;;;;;;;;;;;;;;;;;;;;;;;;;;;;;-;-;
;MITRO12-P120-574;;;;;;;;;;;;;;;;;;;;;;;;;;;;;;;;;-;-;
;MITRO12-P120-575;;;;;;;;;;;;;;;;;;;;;;;;;;;;;;;;;-;-;
;MITRO12-P120-576;;;;;;;;;;;;;;;;;;;;;;;;;;;;;;;;;-;-;
;MITRO12-P120-577;;;;;;;;;;;;;;;;;;;;;;;;;;;;;;;;;-;-;
;MITRO12-P120-578;;;;;;;;;;;;;;;;;;;;;;;;;;;;;;;;;-;-;
;MITRO12-P120-579;;;;;;;;;;;;;;;;;;;;;;;;;;;;;;;;;-;-;
;MITRO12-P120-580;;;;;;;;;;;;;;;;;;;;;;;;;;;;;;;;;-;-;
;MITRO12-P120-581;;;;;;;;;;;;;;;;;;;;;;;;;;;;;;;;;-;-;
;MITRO12-P120-582;;;;;;;;;;;;;;;;;;;;;;;;;;;;;;;;;-;-;
;MITRO12-P120-583;;;;;;;;;;;;;;;;;;;;;;;;;;;;;;;;;-;-;
;MITRO12-P120-584;;;;;;;;;;;;;;;;;;;;;;;;;;;;;;;;;-;-;
;MITRO12-P120-585;;;;;;;;;;;;;;;;;;;;;;;;;;;;;;;;;-;-;
;MITRO12-P120-586;;;;;;;;;;;;;;;;;;;;;;;;;;;;;;;;;-;-;
;MITRO12-P120-587;;;;;;;;;;;;;;;;;;;;;;;;;;;;;;;;;-;-;
;MITRO12-P120-588;;;;;;;;;;;;;;;;;;;;;;;;;;;;;;;;;-;-;
;MITRO12-P120-589;;;;;;;;;;;;;;;;;;;;;;;;;;;;;;;;;-;-;
;MITRO12-P120-590;;;;;;;;;;;;;;;;;;;;;;;;;;;;;;;;;-;-;
;MITRO12-P120-591;;;;;;;;;;;;;;;;;;;;;;;;;;;;;;;;;-;-;
;MITRO12-P120-592;;;;;;;;;;;;;;;;;;;;;;;;;;;;;;;;;-;-;
;MITRO12-P120-593;;;;;;;;;;;;;;;;;;;;;;;;;;;;;;;;;-;-;
;MITRO12-P120-594;;;;;;;;;;;;;;;;;;;;;;;;;;;;;;;;;-;-;
;MITRO12-P120-595;;;;;;;;;;;;;;;;;;;;;;;;;;;;;;;;;-;-;
;MITRO12-P120-596;;;;;;;;;;;;;;;;;;;;;;;;;;;;;;;;;-;-;
;MITRO12-P120-597;;;;;;;;;;;;;;;;;;;;;;;;;;;;;;;;;-;-;
;MITRO12-P120-598;;;;;;;;;;;;;;;;;;;;;;;;;;;;;;;;;-;-;
;MITRO12-P120-599;;;;;;;;;;;;;;;;;;;;;;;;;;;;;;;;;-;-;
;MITRO12-P120-600;;;;;;;;;;;;;;;;;;;;;;;;;;;;;;;;;-;-;
;MITRO12-P120-601;;;;;;;;;;;;;;;;;;;;;;;;;;;;;;;;;-;-;
;MITRO12-P120-602;;;;;;;;;;;;;;;;;;;;;;;;;;;;;;;;;-;-;
;MITRO12-P120-603;;;;;;;;;;;;;;;;;;;;;;;;;;;;;;;;;-;-;
;MITRO12-P120-604;;;;;;;;;;;;;;;;;;;;;;;;;;;;;;;;;-;-;
;MITRO12-P120-605;;;;;;;;;;;;;;;;;;;;;;;;;;;;;;;;;-;-;
;MITRO12-P120-606;;;;;;;;;;;;;;;;;;;;;;;;;;;;;;;;;-;-;
;MITRO12-P120-607;;;;;;;;;;;;;;;;;;;;;;;;;;;;;;;;;-;-;
;MITRO12-P120-608;;;;;;;;;;;;;;;;;;;;;;;;;;;;;;;;;-;-;
;MITRO12-P120-609;;;;;;;;;;;;;;;;;;;;;;;;;;;;;;;;;-;-;
;MITRO12-P120-610;;;;;;;;;;;;;;;;;;;;;;;;;;;;;;;;;-;-;
;MITRO12-P120-611;;;;;;;;;;;;;;;;;;;;;;;;;;;;;;;;;-;-;
;MITRO12-P120-612;;;;;;;;;;;;;;;;;;;;;;;;;;;;;;;;;-;-;
;MITRO12-P120-613;;;;;;;;;;;;;;;;;;;;;;;;;;;;;;;;;-;-;
;MITRO12-P120-614;;;;;;;;;;;;;;;;;;;;;;;;;;;;;;;;;-;-;
;MITRO12-P120-615;;;;;;;;;;;;;;;;;;;;;;;;;;;;;;;;;-;-;
;MITRO12-P120-616;;;;;;;;;;;;;;;;;;;;;;;;;;;;;;;;;-;-;
;MITRO12-P120-617;;;;;;;;;;;;;;;;;;;;;;;;;;;;;;;;;-;-;
;MITRO12-P120-618;;;;;;;;;;;;;;;;;;;;;;;;;;;;;;;;;-;-;
;MITRO12-P120-619;;;;;;;;;;;;;;;;;;;;;;;;;;;;;;;;;-;-;
;MITRO12-P120-620;;;;;;;;;;;;;;;;;;;;;;;;;;;;;;;;;-;-;
;MITRO12-P120-621;;;;;;;;;;;;;;;;;;;;;;;;;;;;;;;;;-;-;
;MITRO12-P120-622;;;;;;;;;;;;;;;;;;;;;;;;;;;;;;;;;-;-;
;MITRO12-P120-623;;;;;;;;;;;;;;;;;;;;;;;;;;;;;;;;;-;-;
;MITRO12-P120-624;;;;;;;;;;;;;;;;;;;;;;;;;;;;;;;;;-;-;
;MITRO12-P120-625;;;;;;;;;;;;;;;;;;;;;;;;;;;;;;;;;-;-;
;MITRO12-P120-626;;;;;;;;;;;;;;;;;;;;;;;;;;;;;;;;;-;-;
;MITRO12-P120-627;;;;;;;;;;;;;;;;;;;;;;;;;;;;;;;;;-;-;
;MITRO12-P120-628;;;;;;;;;;;;;;;;;;;;;;;;;;;;;;;;;-;-;
;MITRO12-P120-629;;;;;;;;;;;;;;;;;;;;;;;;;;;;;;;;;-;-;
;MITRO12-P120-630;;;;;;;;;;;;;;;;;;;;;;;;;;;;;;;;;-;-;
;MITRO12-P120-631;;;;;;;;;;;;;;;;;;;;;;;;;;;;;;;;;-;-;
;MITRO12-P120-632;;;;;;;;;;;;;;;;;;;;;;;;;;;;;;;;;-;-;
;MITRO12-P120-633;;;;;;;;;;;;;;;;;;;;;;;;;;;;;;;;;-;-;
;MITRO12-P120-634;;;;;;;;;;;;;;;;;;;;;;;;;;;;;;;;;-;-;
;MITRO12-P120-635;;;;;;;;;;;;;;;;;;;;;;;;;;;;;;;;;-;-;
;MITRO12-P120-636;;;;;;;;;;;;;;;;;;;;;;;;;;;;;;;;;-;-;
;MITRO12-P120-637;;;;;;;;;;;;;;;;;;;;;;;;;;;;;;;;;-;-;
;MITRO12-P120-638;;;;;;;;;;;;;;;;;;;;;;;;;;;;;;;;;-;-;
;MITRO12-P120-639;;;;;;;;;;;;;;;;;;;;;;;;;;;;;;;;;-;-;
;MITRO12-P120-640;;;;;;;;;;;;;;;;;;;;;;;;;;;;;;;;;-;-;
;MITRO12-P120-641;;;;;;;;;;;;;;;;;;;;;;;;;;;;;;;;;-;-;
;MITRO12-P120-642;;;;;;;;;;;;;;;;;;;;;;;;;;;;;;;;;-;-;
;MITRO12-P120-643;;;;;;;;;;;;;;;;;;;;;;;;;;;;;;;;;-;-;
;MITRO12-P120-644;;;;;;;;;;;;;;;;;;;;;;;;;;;;;;;;;-;-;
;MITRO12-P120-645;;;;;;;;;;;;;;;;;;;;;;;;;;;;;;;;;-;-;
;MITRO12-P120-646;;;;;;;;;;;;;;;;;;;;;;;;;;;;;;;;;-;-;
;MITRO12-P120-647;;;;;;;;;;;;;;;;;;;;;;;;;;;;;;;;;-;-;
;MITRO12-P120-648;;;;;;;;;;;;;;;;;;;;;;;;;;;;;;;;;-;-;
;MITRO12-P120-649;;;;;;;;;;;;;;;;;;;;;;;;;;;;;;;;;-;-;
;MITRO12-P120-650;;;;;;;;;;;;;;;;;;;;;;;;;;;;;;;;;-;-;
;MITRO12-P120-651;;;;;;;;;;;;;;;;;;;;;;;;;;;;;;;;;-;-;
;MITRO12-P120-652;;;;;;;;;;;;;;;;;;;;;;;;;;;;;;;;;-;-;
;MITRO12-P120-653;;;;;;;;;;;;;;;;;;;;;;;;;;;;;;;;;-;-;
;MITRO12-P120-654;;;;;;;;;;;;;;;;;;;;;;;;;;;;;;;;;-;-;
;MITRO12-P120-655;;;;;;;;;;;;;;;;;;;;;;;;;;;;;;;;;-;-;
;MITRO12-P120-656;;;;;;;;;;;;;;;;;;;;;;;;;;;;;;;;;-;-;
;MITRO12-P120-657;;;;;;;;;;;;;;;;;;;;;;;;;;;;;;;;;-;-;
;MITRO12-P120-658;;;;;;;;;;;;;;;;;;;;;;;;;;;;;;;;;-;-;
;MITRO12-P120-659;;;;;;;;;;;;;;;;;;;;;;;;;;;;;;;;;-;-;
;MITRO12-P120-660;;;;;;;;;;;;;;;;;;;;;;;;;;;;;;;;;-;-;
;MITRO12-P120-661;;;;;;;;;;;;;;;;;;;;;;;;;;;;;;;;;-;-;
;MITRO12-P120-662;;;;;;;;;;;;;;;;;;;;;;;;;;;;;;;;;-;-;
;MITRO12-P120-663;;;;;;;;;;;;;;;;;;;;;;;;;;;;;;;;;-;-;
;MITRO12-P120-664;;;;;;;;;;;;;;;;;;;;;;;;;;;;;;;;;-;-;
;MITRO12-P120-665;;;;;;;;;;;;;;;;;;;;;;;;;;;;;;;;;-;-;
;MITRO12-P120-666;;;;;;;;;;;;;;;;;;;;;;;;;;;;;;;;;-;-;
;MITRO12-P120-667;;;;;;;;;;;;;;;;;;;;;;;;;;;;;;;;;-;-;
;MITRO12-P120-668;;;;;;;;;;;;;;;;;;;;;;;;;;;;;;;;;-;-;
;MITRO12-P120-669;;;;;;;;;;;;;;;;;;;;;;;;;;;;;;;;;-;-;
;MITRO12-P120-670;;;;;;;;;;;;;;;;;;;;;;;;;;;;;;;;;-;-;
;MITRO12-P120-671;;;;;;;;;;;;;;;;;;;;;;;;;;;;;;;;;-;-;
;MITRO12-P120-672;;;;;;;;;;;;;;;;;;;;;;;;;;;;;;;;;-;-;
;MITRO12-P120-673;;;;;;;;;;;;;;;;;;;;;;;;;;;;;;;;;-;-;
;MITRO12-P120-674;;;;;;;;;;;;;;;;;;;;;;;;;;;;;;;;;-;-;
;MITRO12-P120-675;;;;;;;;;;;;;;;;;;;;;;;;;;;;;;;;;-;-;
;MITRO12-P120-676;;;;;;;;;;;;;;;;;;;;;;;;;;;;;;;;;-;-;
;MITRO12-P120-677;;;;;;;;;;;;;;;;;;;;;;;;;;;;;;;;;-;-;
;MITRO12-P120-678;;;;;;;;;;;;;;;;;;;;;;;;;;;;;;;;;-;-;
;MITRO12-P120-679;;;;;;;;;;;;;;;;;;;;;;;;;;;;;;;;;-;-;
;MITRO12-P120-680;;;;;;;;;;;;;;;;;;;;;;;;;;;;;;;;;-;-;
;MITRO12-P120-681;;;;;;;;;;;;;;;;;;;;;;;;;;;;;;;;;-;-;
;MITRO12-P120-682;;;;;;;;;;;;;;;;;;;;;;;;;;;;;;;;;-;-;
;MITRO12-P120-683;;;;;;;;;;;;;;;;;;;;;;;;;;;;;;;;;-;-;
;MITRO12-P120-684;;;;;;;;;;;;;;;;;;;;;;;;;;;;;;;;;-;-;
;MITRO12-P120-685;;;;;;;;;;;;;;;;;;;;;;;;;;;;;;;;;-;-;
;MITRO12-P120-686;;;;;;;;;;;;;;;;;;;;;;;;;;;;;;;;;-;-;
;MITRO12-P120-687;;;;;;;;;;;;;;;;;;;;;;;;;;;;;;;;;-;-;
;MITRO12-P120-688;;;;;;;;;;;;;;;;;;;;;;;;;;;;;;;;;-;-;
;MITRO12-P120-689;;;;;;;;;;;;;;;;;;;;;;;;;;;;;;;;;-;-;
;MITRO12-P120-690;;;;;;;;;;;;;;;;;;;;;;;;;;;;;;;;;-;-;
;MITRO12-P120-691;;;;;;;;;;;;;;;;;;;;;;;;;;;;;;;;;-;-;
;MITRO12-P120-692;;;;;;;;;;;;;;;;;;;;;;;;;;;;;;;;;-;-;
;MITRO12-P120-693;;;;;;;;;;;;;;;;;;;;;;;;;;;;;;;;;-;-;
;MITRO12-P120-694;;;;;;;;;;;;;;;;;;;;;;;;;;;;;;;;;-;-;
;MITRO12-P120-695;;;;;;;;;;;;;;;;;;;;;;;;;;;;;;;;;-;-;
;MITRO12-P120-696;;;;;;;;;;;;;;;;;;;;;;;;;;;;;;;;;-;-;
;MITRO12-P120-697;;;;;;;;;;;;;;;;;;;;;;;;;;;;;;;;;-;-;
;MITRO12-P120-698;;;;;;;;;;;;;;;;;;;;;;;;;;;;;;;;;-;-;
;MITRO12-P120-699;;;;;;;;;;;;;;;;;;;;;;;;;;;;;;;;;-;-;
;MITRO12-P120-700;;;;;;;;;;;;;;;;;;;;;;;;;;;;;;;;;-;-;
;MITRO12-P120-701;;;;;;;;;;;;;;;;;;;;;;;;;;;;;;;;;-;-;
;MITRO12-P120-702;;;;;;;;;;;;;;;;;;;;;;;;;;;;;;;;;-;-;
;MITRO12-P120-703;;;;;;;;;;;;;;;;;;;;;;;;;;;;;;;;;-;-;
;MITRO12-P120-704;;;;;;;;;;;;;;;;;;;;;;;;;;;;;;;;;-;-;
;MITRO12-P120-705;;;;;;;;;;;;;;;;;;;;;;;;;;;;;;;;;-;-;
;MITRO12-P120-706;;;;;;;;;;;;;;;;;;;;;;;;;;;;;;;;;-;-;
;MITRO12-P120-707;;;;;;;;;;;;;;;;;;;;;;;;;;;;;;;;;-;-;
;MITRO12-P120-708;;;;;;;;;;;;;;;;;;;;;;;;;;;;;;;;;-;-;
;MITRO12-P120-709;;;;;;;;;;;;;;;;;;;;;;;;;;;;;;;;;-;-;
;MITRO12-P120-710;;;;;;;;;;;;;;;;;;;;;;;;;;;;;;;;;-;-;
;MITRO12-P120-711;;;;;;;;;;;;;;;;;;;;;;;;;;;;;;;;;-;-;
;MITRO12-P120-712;;;;;;;;;;;;;;;;;;;;;;;;;;;;;;;;;-;-;
;MITRO12-P120-713;;;;;;;;;;;;;;;;;;;;;;;;;;;;;;;;;-;-;
;MITRO12-P120-714;;;;;;;;;;;;;;;;;;;;;;;;;;;;;;;;;-;-;
;MITRO12-P120-715;;;;;;;;;;;;;;;;;;;;;;;;;;;;;;;;;-;-;
;MITRO12-P120-716;;;;;;;;;;;;;;;;;;;;;;;;;;;;;;;;;-;-;
;MITRO12-P120-717;;;;;;;;;;;;;;;;;;;;;;;;;;;;;;;;;-;-;
;MITRO12-P120-718;;;;;;;;;;;;;;;;;;;;;;;;;;;;;;;;;-;-;
;MITRO12-P120-719;;;;;;;;;;;;;;;;;;;;;;;;;;;;;;;;;-;-;
;MITRO12-P120-720;;;;;;;;;;;;;;;;;;;;;;;;;;;;;;;;;-;-;
;MITRO12-P120-721;;;;;;;;;;;;;;;;;;;;;;;;;;;;;;;;;-;-;
;MITRO12-P120-722;;;;;;;;;;;;;;;;;;;;;;;;;;;;;;;;;-;-;
;MITRO12-P120-723;;;;;;;;;;;;;;;;;;;;;;;;;;;;;;;;;-;-;
;MITRO12-P120-724;;;;;;;;;;;;;;;;;;;;;;;;;;;;;;;;;-;-;
;MITRO12-P120-725;;;;;;;;;;;;;;;;;;;;;;;;;;;;;;;;;-;-;
;MITRO12-P120-726;;;;;;;;;;;;;;;;;;;;;;;;;;;;;;;;;-;-;
;MITRO12-P120-727;;;;;;;;;;;;;;;;;;;;;;;;;;;;;;;;;-;-;
;MITRO12-P120-728;;;;;;;;;;;;;;;;;;;;;;;;;;;;;;;;;-;-;
;MITRO12-P120-729;;;;;;;;;;;;;;;;;;;;;;;;;;;;;;;;;-;-;
;MITRO12-P120-730;;;;;;;;;;;;;;;;;;;;;;;;;;;;;;;;;-;-;
;MITRO12-P120-731;;;;;;;;;;;;;;;;;;;;;;;;;;;;;;;;;-;-;
;MITRO12-P120-732;;;;;;;;;;;;;;;;;;;;;;;;;;;;;;;;;-;-;
;MITRO12-P120-733;;;;;;;;;;;;;;;;;;;;;;;;;;;;;;;;;-;-;
;MITRO12-P120-734;;;;;;;;;;;;;;;;;;;;;;;;;;;;;;;;;-;-;
;MITRO12-P120-735;;;;;;;;;;;;;;;;;;;;;;;;;;;;;;;;;-;-;
;MITRO12-P120-736;;;;;;;;;;;;;;;;;;;;;;;;;;;;;;;;;-;-;
;MITRO12-P120-737;;;;;;;;;;;;;;;;;;;;;;;;;;;;;;;;;-;-;
;MITRO12-P120-738;;;;;;;;;;;;;;;;;;;;;;;;;;;;;;;;;-;-;
;MITRO12-P120-739;;;;;;;;;;;;;;;;;;;;;;;;;;;;;;;;;-;-;
;MITRO12-P120-740;;;;;;;;;;;;;;;;;;;;;;;;;;;;;;;;;-;-;
;MITRO12-P120-741;;;;;;;;;;;;;;;;;;;;;;;;;;;;;;;;;-;-;
;MITRO12-P120-742;;;;;;;;;;;;;;;;;;;;;;;;;;;;;;;;;-;-;
;MITRO12-P120-743;;;;;;;;;;;;;;;;;;;;;;;;;;;;;;;;;-;-;
;MITRO12-P120-744;;;;;;;;;;;;;;;;;;;;;;;;;;;;;;;;;-;-;
;MITRO12-P120-745;;;;;;;;;;;;;;;;;;;;;;;;;;;;;;;;;-;-;
;MITRO12-P120-746;;;;;;;;;;;;;;;;;;;;;;;;;;;;;;;;;-;-;
;MITRO12-P120-747;;;;;;;;;;;;;;;;;;;;;;;;;;;;;;;;;-;-;
;MITRO12-P120-748;;;;;;;;;;;;;;;;;;;;;;;;;;;;;;;;;-;-;
;MITRO12-P120-749;;;;;;;;;;;;;;;;;;;;;;;;;;;;;;;;;-;-;
;MITRO12-P120-750;;;;;;;;;;;;;;;;;;;;;;;;;;;;;;;;;-;-;
;MITRO12-P120-751;;;;;;;;;;;;;;;;;;;;;;;;;;;;;;;;;-;-;
;MITRO12-P120-752;;;;;;;;;;;;;;;;;;;;;;;;;;;;;;;;;-;-;
;MITRO12-P120-753;;;;;;;;;;;;;;;;;;;;;;;;;;;;;;;;;-;-;
;MITRO12-P120-754;;;;;;;;;;;;;;;;;;;;;;;;;;;;;;;;;-;-;
;MITRO12-P120-755;;;;;;;;;;;;;;;;;;;;;;;;;;;;;;;;;-;-;
;MITRO12-P120-756;;;;;;;;;;;;;;;;;;;;;;;;;;;;;;;;;-;-;
;MITRO12-P120-757;;;;;;;;;;;;;;;;;;;;;;;;;;;;;;;;;-;-;
;MITRO12-P120-758;;;;;;;;;;;;;;;;;;;;;;;;;;;;;;;;;-;-;
;MITRO12-P120-759;;;;;;;;;;;;;;;;;;;;;;;;;;;;;;;;;-;-;
;MITRO12-P120-760;;;;;;;;;;;;;;;;;;;;;;;;;;;;;;;;;-;-;
;MITRO12-P120-761;;;;;;;;;;;;;;;;;;;;;;;;;;;;;;;;;-;-;
;MITRO12-P120-762;;;;;;;;;;;;;;;;;;;;;;;;;;;;;;;;;-;-;
;MITRO12-P120-763;;;;;;;;;;;;;;;;;;;;;;;;;;;;;;;;;-;-;
;MITRO12-P120-764;;;;;;;;;;;;;;;;;;;;;;;;;;;;;;;;;-;-;
;MITRO12-P120-765;;;;;;;;;;;;;;;;;;;;;;;;;;;;;;;;;-;-;
;MITRO12-P120-766;;;;;;;;;;;;;;;;;;;;;;;;;;;;;;;;;-;-;
;MITRO12-P120-767;;;;;;;;;;;;;;;;;;;;;;;;;;;;;;;;;-;-;
;MITRO12-P120-768;;;;;;;;;;;;;;;;;;;;;;;;;;;;;;;;;-;-;
;MITRO12-P120-769;;;;;;;;;;;;;;;;;;;;;;;;;;;;;;;;;-;-;
;MITRO12-P120-770;;;;;;;;;;;;;;;;;;;;;;;;;;;;;;;;;-;-;
;MITRO12-P120-771;;;;;;;;;;;;;;;;;;;;;;;;;;;;;;;;;-;-;
;MITRO12-P120-772;;;;;;;;;;;;;;;;;;;;;;;;;;;;;;;;;-;-;
;MITRO12-P120-773;;;;;;;;;;;;;;;;;;;;;;;;;;;;;;;;;-;-;
;MITRO12-P120-774;;;;;;;;;;;;;;;;;;;;;;;;;;;;;;;;;-;-;
;MITRO12-P120-775;;;;;;;;;;;;;;;;;;;;;;;;;;;;;;;;;-;-;
;MITRO12-P120-776;;;;;;;;;;;;;;;;;;;;;;;;;;;;;;;;;-;-;
;MITRO12-P120-777;;;;;;;;;;;;;;;;;;;;;;;;;;;;;;;;;-;-;
;MITRO12-P120-778;;;;;;;;;;;;;;;;;;;;;;;;;;;;;;;;;-;-;
;MITRO12-P120-779;;;;;;;;;;;;;;;;;;;;;;;;;;;;;;;;;-;-;
;MITRO12-P120-780;;;;;;;;;;;;;;;;;;;;;;;;;;;;;;;;;-;-;
;MITRO12-P120-781;;;;;;;;;;;;;;;;;;;;;;;;;;;;;;;;;-;-;
;MITRO12-P120-782;;;;;;;;;;;;;;;;;;;;;;;;;;;;;;;;;-;-;
;MITRO12-P120-783;;;;;;;;;;;;;;;;;;;;;;;;;;;;;;;;;-;-;
;MITRO12-P120-784;;;;;;;;;;;;;;;;;;;;;;;;;;;;;;;;;-;-;
;MITRO12-P120-785;;;;;;;;;;;;;;;;;;;;;;;;;;;;;;;;;-;-;
;MITRO12-P120-786;;;;;;;;;;;;;;;;;;;;;;;;;;;;;;;;;-;-;
;MITRO12-P120-787;;;;;;;;;;;;;;;;;;;;;;;;;;;;;;;;;-;-;
;MITRO12-P120-788;;;;;;;;;;;;;;;;;;;;;;;;;;;;;;;;;-;-;
;MITRO12-P120-789;;;;;;;;;;;;;;;;;;;;;;;;;;;;;;;;;-;-;
;MITRO12-P120-790;;;;;;;;;;;;;;;;;;;;;;;;;;;;;;;;;-;-;
;MITRO12-P120-791;;;;;;;;;;;;;;;;;;;;;;;;;;;;;;;;;-;-;
;MITRO12-P120-792;;;;;;;;;;;;;;;;;;;;;;;;;;;;;;;;;-;-;
;MITRO12-P120-793;;;;;;;;;;;;;;;;;;;;;;;;;;;;;;;;;-;-;
;MITRO12-P120-794;;;;;;;;;;;;;;;;;;;;;;;;;;;;;;;;;-;-;
;MITRO12-P120-795;;;;;;;;;;;;;;;;;;;;;;;;;;;;;;;;;-;-;
;MITRO12-P120-796;;;;;;;;;;;;;;;;;;;;;;;;;;;;;;;;;-;-;
;MITRO12-P120-797;;;;;;;;;;;;;;;;;;;;;;;;;;;;;;;;;-;-;
;MITRO12-P120-798;;;;;;;;;;;;;;;;;;;;;;;;;;;;;;;;;-;-;
;MITRO12-P120-799;;;;;;;;;;;;;;;;;;;;;;;;;;;;;;;;;-;-;
;MITRO12-P120-800;;;;;;;;;;;;;;;;;;;;;;;;;;;;;;;;;-;-;
;MITRO12-P120-801;;;;;;;;;;;;;;;;;;;;;;;;;;;;;;;;;-;-;
;MITRO12-P120-802;;;;;;;;;;;;;;;;;;;;;;;;;;;;;;;;;-;-;
;MITRO12-P120-803;;;;;;;;;;;;;;;;;;;;;;;;;;;;;;;;;-;-;
;MITRO12-P120-804;;;;;;;;;;;;;;;;;;;;;;;;;;;;;;;;;-;-;
;MITRO12-P120-805;;;;;;;;;;;;;;;;;;;;;;;;;;;;;;;;;-;-;
;MITRO12-P120-806;;;;;;;;;;;;;;;;;;;;;;;;;;;;;;;;;-;-;
;MITRO12-P120-807;;;;;;;;;;;;;;;;;;;;;;;;;;;;;;;;;-;-;
;MITRO12-P120-808;;;;;;;;;;;;;;;;;;;;;;;;;;;;;;;;;-;-;
;MITRO12-P120-809;;;;;;;;;;;;;;;;;;;;;;;;;;;;;;;;;-;-;
;MITRO12-P120-810;;;;;;;;;;;;;;;;;;;;;;;;;;;;;;;;;-;-;
;MITRO12-P120-811;;;;;;;;;;;;;;;;;;;;;;;;;;;;;;;;;-;-;
;MITRO12-P120-812;;;;;;;;;;;;;;;;;;;;;;;;;;;;;;;;;-;-;
;MITRO12-P120-813;;;;;;;;;;;;;;;;;;;;;;;;;;;;;;;;;-;-;
;MITRO12-P120-814;;;;;;;;;;;;;;;;;;;;;;;;;;;;;;;;;-;-;
;MITRO12-P120-815;;;;;;;;;;;;;;;;;;;;;;;;;;;;;;;;;-;-;
;MITRO12-P120-816;;;;;;;;;;;;;;;;;;;;;;;;;;;;;;;;;-;-;
;MITRO12-P120-817;;;;;;;;;;;;;;;;;;;;;;;;;;;;;;;;;-;-;
;MITRO12-P120-818;;;;;;;;;;;;;;;;;;;;;;;;;;;;;;;;;-;-;
;MITRO12-P120-819;;;;;;;;;;;;;;;;;;;;;;;;;;;;;;;;;-;-;
;MITRO12-P120-820;;;;;;;;;;;;;;;;;;;;;;;;;;;;;;;;;-;-;
;MITRO12-P120-821;;;;;;;;;;;;;;;;;;;;;;;;;;;;;;;;;-;-;
;MITRO12-P120-822;;;;;;;;;;;;;;;;;;;;;;;;;;;;;;;;;-;-;
;MITRO12-P120-823;;;;;;;;;;;;;;;;;;;;;;;;;;;;;;;;;-;-;
;MITRO12-P120-824;;;;;;;;;;;;;;;;;;;;;;;;;;;;;;;;;-;-;
;MITRO12-P120-825;;;;;;;;;;;;;;;;;;;;;;;;;;;;;;;;;-;-;
;MITRO12-P120-826;;;;;;;;;;;;;;;;;;;;;;;;;;;;;;;;;-;-;
;MITRO12-P120-827;;;;;;;;;;;;;;;;;;;;;;;;;;;;;;;;;-;-;
;MITRO12-P120-828;;;;;;;;;;;;;;;;;;;;;;;;;;;;;;;;;-;-;
;MITRO12-P120-829;;;;;;;;;;;;;;;;;;;;;;;;;;;;;;;;;-;-;
;MITRO12-P120-830;;;;;;;;;;;;;;;;;;;;;;;;;;;;;;;;;-;-;
;MITRO12-P120-831;;;;;;;;;;;;;;;;;;;;;;;;;;;;;;;;;-;-;
;MITRO12-P120-832;;;;;;;;;;;;;;;;;;;;;;;;;;;;;;;;;-;-;
;MITRO12-P120-833;;;;;;;;;;;;;;;;;;;;;;;;;;;;;;;;;-;-;
;MITRO12-P120-834;;;;;;;;;;;;;;;;;;;;;;;;;;;;;;;;;-;-;
;MITRO12-P120-835;;;;;;;;;;;;;;;;;;;;;;;;;;;;;;;;;-;-;
;MITRO12-P120-836;;;;;;;;;;;;;;;;;;;;;;;;;;;;;;;;;-;-;
;MITRO12-P120-837;;;;;;;;;;;;;;;;;;;;;;;;;;;;;;;;;-;-;
;MITRO12-P120-838;;;;;;;;;;;;;;;;;;;;;;;;;;;;;;;;;-;-;
;MITRO12-P120-839;;;;;;;;;;;;;;;;;;;;;;;;;;;;;;;;;-;-;
;MITRO12-P120-840;;;;;;;;;;;;;;;;;;;;;;;;;;;;;;;;;-;-;
;MITRO12-P120-841;;;;;;;;;;;;;;;;;;;;;;;;;;;;;;;;;-;-;
;MITRO12-P120-842;;;;;;;;;;;;;;;;;;;;;;;;;;;;;;;;;-;-;
;MITRO12-P120-843;;;;;;;;;;;;;;;;;;;;;;;;;;;;;;;;;-;-;
;MITRO12-P120-844;;;;;;;;;;;;;;;;;;;;;;;;;;;;;;;;;-;-;
;MITRO12-P120-845;;;;;;;;;;;;;;;;;;;;;;;;;;;;;;;;;-;-;
;MITRO12-P120-846;;;;;;;;;;;;;;;;;;;;;;;;;;;;;;;;;-;-;
;MITRO12-P120-847;;;;;;;;;;;;;;;;;;;;;;;;;;;;;;;;;-;-;
;MITRO12-P120-848;;;;;;;;;;;;;;;;;;;;;;;;;;;;;;;;;-;-;
;MITRO12-P120-849;;;;;;;;;;;;;;;;;;;;;;;;;;;;;;;;;-;-;
;MITRO12-P120-850;;;;;;;;;;;;;;;;;;;;;;;;;;;;;;;;;-;-;
;MITRO12-P120-851;;;;;;;;;;;;;;;;;;;;;;;;;;;;;;;;;-;-;
;MITRO12-P120-852;;;;;;;;;;;;;;;;;;;;;;;;;;;;;;;;;-;-;
;MITRO12-P120-853;;;;;;;;;;;;;;;;;;;;;;;;;;;;;;;;;-;-;
;MITRO12-P120-854;;;;;;;;;;;;;;;;;;;;;;;;;;;;;;;;;-;-;
;MITRO12-P120-855;;;;;;;;;;;;;;;;;;;;;;;;;;;;;;;;;-;-;
;MITRO12-P120-856;;;;;;;;;;;;;;;;;;;;;;;;;;;;;;;;;-;-;
;MITRO12-P120-857;;;;;;;;;;;;;;;;;;;;;;;;;;;;;;;;;-;-;
;MITRO12-P120-858;;;;;;;;;;;;;;;;;;;;;;;;;;;;;;;;;-;-;
;MITRO12-P120-859;;;;;;;;;;;;;;;;;;;;;;;;;;;;;;;;;-;-;
;MITRO12-P120-860;;;;;;;;;;;;;;;;;;;;;;;;;;;;;;;;;-;-;
;MITRO12-P120-861;;;;;;;;;;;;;;;;;;;;;;;;;;;;;;;;;-;-;
;MITRO12-P120-862;;;;;;;;;;;;;;;;;;;;;;;;;;;;;;;;;-;-;
;MITRO12-P120-863;;;;;;;;;;;;;;;;;;;;;;;;;;;;;;;;;-;-;
;MITRO12-P120-864;;;;;;;;;;;;;;;;;;;;;;;;;;;;;;;;;-;-;
;MITRO12-P120-865;;;;;;;;;;;;;;;;;;;;;;;;;;;;;;;;;-;-;
;MITRO12-P120-866;;;;;;;;;;;;;;;;;;;;;;;;;;;;;;;;;-;-;
;MITRO12-P120-867;;;;;;;;;;;;;;;;;;;;;;;;;;;;;;;;;-;-;
;MITRO12-P120-868;;;;;;;;;;;;;;;;;;;;;;;;;;;;;;;;;-;-;
;MITRO12-P120-869;;;;;;;;;;;;;;;;;;;;;;;;;;;;;;;;;-;-;
;MITRO12-P120-870;;;;;;;;;;;;;;;;;;;;;;;;;;;;;;;;;-;-;
;MITRO12-P120-871;;;;;;;;;;;;;;;;;;;;;;;;;;;;;;;;;-;-;
;MITRO12-P120-872;;;;;;;;;;;;;;;;;;;;;;;;;;;;;;;;;-;-;
;MITRO12-P120-873;;;;;;;;;;;;;;;;;;;;;;;;;;;;;;;;;-;-;
;MITRO12-P120-874;;;;;;;;;;;;;;;;;;;;;;;;;;;;;;;;;-;-;
;MITRO12-P120-875;;;;;;;;;;;;;;;;;;;;;;;;;;;;;;;;;-;-;
;MITRO12-P120-876;;;;;;;;;;;;;;;;;;;;;;;;;;;;;;;;;-;-;
;MITRO12-P120-877;;;;;;;;;;;;;;;;;;;;;;;;;;;;;;;;;-;-;
;MITRO12-P120-878;;;;;;;;;;;;;;;;;;;;;;;;;;;;;;;;;-;-;
;MITRO12-P120-879;;;;;;;;;;;;;;;;;;;;;;;;;;;;;;;;;-;-;
;MITRO12-P120-880;;;;;;;;;;;;;;;;;;;;;;;;;;;;;;;;;-;-;
;MITRO12-P120-881;;;;;;;;;;;;;;;;;;;;;;;;;;;;;;;;;-;-;
;MITRO12-P120-882;;;;;;;;;;;;;;;;;;;;;;;;;;;;;;;;;-;-;
;MITRO12-P120-883;;;;;;;;;;;;;;;;;;;;;;;;;;;;;;;;;-;-;
;MITRO12-P120-884;;;;;;;;;;;;;;;;;;;;;;;;;;;;;;;;;-;-;
;MITRO12-P120-885;;;;;;;;;;;;;;;;;;;;;;;;;;;;;;;;;-;-;
;MITRO12-P120-886;;;;;;;;;;;;;;;;;;;;;;;;;;;;;;;;;-;-;
;MITRO12-P120-887;;;;;;;;;;;;;;;;;;;;;;;;;;;;;;;;;-;-;
;MITRO12-P120-888;;;;;;;;;;;;;;;;;;;;;;;;;;;;;;;;;-;-;
;MITRO12-P120-889;;;;;;;;;;;;;;;;;;;;;;;;;;;;;;;;;-;-;
;MITRO12-P120-890;;;;;;;;;;;;;;;;;;;;;;;;;;;;;;;;;-;-;
;MITRO12-P120-891;;;;;;;;;;;;;;;;;;;;;;;;;;;;;;;;;-;-;
;MITRO12-P120-892;;;;;;;;;;;;;;;;;;;;;;;;;;;;;;;;;-;-;
;MITRO12-P120-893;;;;;;;;;;;;;;;;;;;;;;;;;;;;;;;;;-;-;
;MITRO12-P120-894;;;;;;;;;;;;;;;;;;;;;;;;;;;;;;;;;-;-;
;MITRO12-P120-895;;;;;;;;;;;;;;;;;;;;;;;;;;;;;;;;;-;-;
;MITRO12-P120-896;;;;;;;;;;;;;;;;;;;;;;;;;;;;;;;;;-;-;
;MITRO12-P120-897;;;;;;;;;;;;;;;;;;;;;;;;;;;;;;;;;-;-;
;MITRO12-P120-898;;;;;;;;;;;;;;;;;;;;;;;;;;;;;;;;;-;-;
;MITRO12-P120-899;;;;;;;;;;;;;;;;;;;;;;;;;;;;;;;;;-;-;
;MITRO12-P120-900;;;;;;;;;;;;;;;;;;;;;;;;;;;;;;;;;-;-;
;MITRO12-P120-901;;;;;;;;;;;;;;;;;;;;;;;;;;;;;;;;;-;-;
;MITRO12-P120-902;;;;;;;;;;;;;;;;;;;;;;;;;;;;;;;;;-;-;
;MITRO12-P120-903;;;;;;;;;;;;;;;;;;;;;;;;;;;;;;;;;-;-;
;MITRO12-P120-904;;;;;;;;;;;;;;;;;;;;;;;;;;;;;;;;;-;-;
;MITRO12-P120-905;;;;;;;;;;;;;;;;;;;;;;;;;;;;;;;;;-;-;
;MITRO12-P120-906;;;;;;;;;;;;;;;;;;;;;;;;;;;;;;;;;-;-;
;MITRO12-P120-907;;;;;;;;;;;;;;;;;;;;;;;;;;;;;;;;;-;-;
;MITRO12-P120-908;;;;;;;;;;;;;;;;;;;;;;;;;;;;;;;;;-;-;
;MITRO12-P120-909;;;;;;;;;;;;;;;;;;;;;;;;;;;;;;;;;-;-;
;MITRO12-P120-910;;;;;;;;;;;;;;;;;;;;;;;;;;;;;;;;;-;-;
;MITRO12-P120-911;;;;;;;;;;;;;;;;;;;;;;;;;;;;;;;;;-;-;
;MITRO12-P120-912;;;;;;;;;;;;;;;;;;;;;;;;;;;;;;;;;-;-;
;MITRO12-P120-913;;;;;;;;;;;;;;;;;;;;;;;;;;;;;;;;;-;-;
;MITRO12-P120-914;;;;;;;;;;;;;;;;;;;;;;;;;;;;;;;;;-;-;
;MITRO12-P120-915;;;;;;;;;;;;;;;;;;;;;;;;;;;;;;;;;-;-;
;MITRO12-P120-916;;;;;;;;;;;;;;;;;;;;;;;;;;;;;;;;;-;-;
;MITRO12-P120-917;;;;;;;;;;;;;;;;;;;;;;;;;;;;;;;;;-;-;
;MITRO12-P120-918;;;;;;;;;;;;;;;;;;;;;;;;;;;;;;;;;-;-;
;MITRO12-P120-919;;;;;;;;;;;;;;;;;;;;;;;;;;;;;;;;;-;-;
;MITRO12-P120-920;;;;;;;;;;;;;;;;;;;;;;;;;;;;;;;;;-;-;
;MITRO12-P120-921;;;;;;;;;;;;;;;;;;;;;;;;;;;;;;;;;-;-;
;MITRO12-P120-922;;;;;;;;;;;;;;;;;;;;;;;;;;;;;;;;;-;-;
;MITRO12-P120-923;;;;;;;;;;;;;;;;;;;;;;;;;;;;;;;;;-;-;
;MITRO12-P120-924;;;;;;;;;;;;;;;;;;;;;;;;;;;;;;;;;-;-;
;MITRO12-P120-925;;;;;;;;;;;;;;;;;;;;;;;;;;;;;;;;;-;-;
;MITRO12-P120-926;;;;;;;;;;;;;;;;;;;;;;;;;;;;;;;;;-;-;
;MITRO12-P120-927;;;;;;;;;;;;;;;;;;;;;;;;;;;;;;;;;-;-;
;MITRO12-P120-928;;;;;;;;;;;;;;;;;;;;;;;;;;;;;;;;;-;-;
;MITRO12-P120-929;;;;;;;;;;;;;;;;;;;;;;;;;;;;;;;;;-;-;
;MITRO12-P120-930;;;;;;;;;;;;;;;;;;;;;;;;;;;;;;;;;-;-;
;MITRO12-P120-931;;;;;;;;;;;;;;;;;;;;;;;;;;;;;;;;;-;-;
;MITRO12-P120-932;;;;;;;;;;;;;;;;;;;;;;;;;;;;;;;;;-;-;
;MITRO12-P120-933;;;;;;;;;;;;;;;;;;;;;;;;;;;;;;;;;-;-;
;MITRO12-P120-934;;;;;;;;;;;;;;;;;;;;;;;;;;;;;;;;;-;-;
;MITRO12-P120-935;;;;;;;;;;;;;;;;;;;;;;;;;;;;;;;;;-;-;
;MITRO12-P120-936;;;;;;;;;;;;;;;;;;;;;;;;;;;;;;;;;-;-;
;MITRO12-P120-937;;;;;;;;;;;;;;;;;;;;;;;;;;;;;;;;;-;-;
;MITRO12-P120-938;;;;;;;;;;;;;;;;;;;;;;;;;;;;;;;;;-;-;
;MITRO12-P120-939;;;;;;;;;;;;;;;;;;;;;;;;;;;;;;;;;-;-;
;MITRO12-P120-940;;;;;;;;;;;;;;;;;;;;;;;;;;;;;;;;;-;-;
;MITRO12-P120-941;;;;;;;;;;;;;;;;;;;;;;;;;;;;;;;;;-;-;
;MITRO12-P120-942;;;;;;;;;;;;;;;;;;;;;;;;;;;;;;;;;-;-;
;MITRO12-P120-943;;;;;;;;;;;;;;;;;;;;;;;;;;;;;;;;;-;-;
;MITRO12-P120-944;;;;;;;;;;;;;;;;;;;;;;;;;;;;;;;;;-;-;
;MITRO12-P120-945;;;;;;;;;;;;;;;;;;;;;;;;;;;;;;;;;-;-;
;MITRO12-P120-946;;;;;;;;;;;;;;;;;;;;;;;;;;;;;;;;;-;-;
;MITRO12-P120-947;;;;;;;;;;;;;;;;;;;;;;;;;;;;;;;;;-;-;
;MITRO12-P120-948;;;;;;;;;;;;;;;;;;;;;;;;;;;;;;;;;-;-;
;MITRO12-P120-949;;;;;;;;;;;;;;;;;;;;;;;;;;;;;;;;;-;-;
;MITRO12-P120-950;;;;;;;;;;;;;;;;;;;;;;;;;;;;;;;;;-;-;
;MITRO12-P120-951;;;;;;;;;;;;;;;;;;;;;;;;;;;;;;;;;-;-;
;MITRO12-P120-952;;;;;;;;;;;;;;;;;;;;;;;;;;;;;;;;;-;-;
;MITRO12-P120-953;;;;;;;;;;;;;;;;;;;;;;;;;;;;;;;;;-;-;
;MITRO12-P120-954;;;;;;;;;;;;;;;;;;;;;;;;;;;;;;;;;-;-;
;MITRO12-P120-955;;;;;;;;;;;;;;;;;;;;;;;;;;;;;;;;;-;-;
;MITRO12-P120-956;;;;;;;;;;;;;;;;;;;;;;;;;;;;;;;;;-;-;
;MITRO12-P120-957;;;;;;;;;;;;;;;;;;;;;;;;;;;;;;;;;-;-;
;MITRO12-P120-958;;;;;;;;;;;;;;;;;;;;;;;;;;;;;;;;;-;-;
;MITRO12-P120-959;;;;;;;;;;;;;;;;;;;;;;;;;;;;;;;;;-;-;
;MITRO12-P120-960;;;;;;;;;;;;;;;;;;;;;;;;;;;;;;;;;-;-;
;MITRO12-P120-961;;;;;;;;;;;;;;;;;;;;;;;;;;;;;;;;;-;-;
;MITRO12-P120-962;;;;;;;;;;;;;;;;;;;;;;;;;;;;;;;;;-;-;
;MITRO12-P120-963;;;;;;;;;;;;;;;;;;;;;;;;;;;;;;;;;-;-;
;MITRO12-P120-964;;;;;;;;;;;;;;;;;;;;;;;;;;;;;;;;;-;-;
;MITRO12-P120-965;;;;;;;;;;;;;;;;;;;;;;;;;;;;;;;;;-;-;
;MITRO12-P120-966;;;;;;;;;;;;;;;;;;;;;;;;;;;;;;;;;-;-;
;MITRO12-P120-967;;;;;;;;;;;;;;;;;;;;;;;;;;;;;;;;;-;-;
;MITRO12-P120-968;;;;;;;;;;;;;;;;;;;;;;;;;;;;;;;;;-;-;
;MITRO12-P120-969;;;;;;;;;;;;;;;;;;;;;;;;;;;;;;;;;-;-;
;MITRO12-P120-970;;;;;;;;;;;;;;;;;;;;;;;;;;;;;;;;;-;-;
;MITRO12-P120-971;;;;;;;;;;;;;;;;;;;;;;;;;;;;;;;;;-;-;
;MITRO12-P120-972;;;;;;;;;;;;;;;;;;;;;;;;;;;;;;;;;-;-;
;MITRO12-P120-973;;;;;;;;;;;;;;;;;;;;;;;;;;;;;;;;;-;-;
;MITRO12-P120-974;;;;;;;;;;;;;;;;;;;;;;;;;;;;;;;;;-;-;
;MITRO12-P120-975;;;;;;;;;;;;;;;;;;;;;;;;;;;;;;;;;-;-;
;MITRO12-P120-976;;;;;;;;;;;;;;;;;;;;;;;;;;;;;;;;;-;-;
;MITRO12-P120-977;;;;;;;;;;;;;;;;;;;;;;;;;;;;;;;;;-;-;
;MITRO12-P120-978;;;;;;;;;;;;;;;;;;;;;;;;;;;;;;;;;-;-;
;MITRO12-P120-979;;;;;;;;;;;;;;;;;;;;;;;;;;;;;;;;;-;-;
;MITRO12-P120-980;;;;;;;;;;;;;;;;;;;;;;;;;;;;;;;;;-;-;
;MITRO12-P120-981;;;;;;;;;;;;;;;;;;;;;;;;;;;;;;;;;-;-;
;MITRO12-P120-982;;;;;;;;;;;;;;;;;;;;;;;;;;;;;;;;;-;-;
;MITRO12-P120-983;;;;;;;;;;;;;;;;;;;;;;;;;;;;;;;;;-;-;
;MITRO12-P120-984;;;;;;;;;;;;;;;;;;;;;;;;;;;;;;;;;-;-;
;MITRO12-P120-985;;;;;;;;;;;;;;;;;;;;;;;;;;;;;;;;;-;-;
;MITRO12-P120-986;;;;;;;;;;;;;;;;;;;;;;;;;;;;;;;;;-;-;
;MITRO12-P120-987;;;;;;;;;;;;;;;;;;;;;;;;;;;;;;;;;-;-;
;MITRO12-P120-988;;;;;;;;;;;;;;;;;;;;;;;;;;;;;;;;;-;-;
;MITRO12-P120-989;;;;;;;;;;;;;;;;;;;;;;;;;;;;;;;;;-;-;
;MITRO12-P120-990;;;;;;;;;;;;;;;;;;;;;;;;;;;;;;;;;-;-;
;MITRO12-P120-991;;;;;;;;;;;;;;;;;;;;;;;;;;;;;;;;;-;-;
;MITRO12-P120-992;;;;;;;;;;;;;;;;;;;;;;;;;;;;;;;;;-;-;
;MITRO12-P120-993;;;;;;;;;;;;;;;;;;;;;;;;;;;;;;;;;-;-;
;MITRO12-P120-994;;;;;;;;;;;;;;;;;;;;;;;;;;;;;;;;;-;-;
;MITRO12-P120-995;;;;;;;;;;;;;;;;;;;;;;;;;;;;;;;;;-;-;
;MITRO12-P120-996;;;;;;;;;;;;;;;;;;;;;;;;;;;;;;;;;-;-;
;MITRO12-P120-997;;;;;;;;;;;;;;;;;;;;;;;;;;;;;;;;;-;-;
;MITRO12-P120-998;;;;;;;;;;;;;;;;;;;;;;;;;;;;;;;;;-;-;
;MITRO12-P120-999;;;;;;;;;;;;;;;;;;;;;;;;;;;;;;;;;-;-;
;MITRO12-P120-1000;;;;;;;;;;;;;;;;;;;;;;;;;;;;;;;;;-;-;
;MITRO12-P120-1001;;;;;;;;;;;;;;;;;;;;;;;;;;;;;;;;;-;-;
;MITRO12-P120-1002;;;;;;;;;;;;;;;;;;;;;;;;;;;;;;;;;-;-;
;MITRO12-P120-1003;;;;;;;;;;;;;;;;;;;;;;;;;;;;;;;;;-;-;
;MITRO12-P120-1004;;;;;;;;;;;;;;;;;;;;;;;;;;;;;;;;;-;-;
;MITRO12-P120-1005;;;;;;;;;;;;;;;;;;;;;;;;;;;;;;;;;-;-;
;MITRO12-P120-1006;;;;;;;;;;;;;;;;;;;;;;;;;;;;;;;;;-;-;
;MITRO12-P120-1007;;;;;;;;;;;;;;;;;;;;;;;;;;;;;;;;;-;-;
;MITRO12-P120-1008;;;;;;;;;;;;;;;;;;;;;;;;;;;;;;;;;-;-;
;MITRO12-P120-1009;;;;;;;;;;;;;;;;;;;;;;;;;;;;;;;;;-;-;
;MITRO12-P120-1010;;;;;;;;;;;;;;;;;;;;;;;;;;;;;;;;;-;-;
;MITRO12-P120-1011;;;;;;;;;;;;;;;;;;;;;;;;;;;;;;;;;-;-;
;MITRO12-P120-1012;;;;;;;;;;;;;;;;;;;;;;;;;;;;;;;;;-;-;
;MITRO12-P120-1013;;;;;;;;;;;;;;;;;;;;;;;;;;;;;;;;;-;-;
;MITRO12-P120-1014;;;;;;;;;;;;;;;;;;;;;;;;;;;;;;;;;-;-;
;MITRO12-P120-1015;;;;;;;;;;;;;;;;;;;;;;;;;;;;;;;;;-;-;
;MITRO12-P120-1016;;;;;;;;;;;;;;;;;;;;;;;;;;;;;;;;;-;-;
;MITRO12-P120-1017;;;;;;;;;;;;;;;;;;;;;;;;;;;;;;;;;-;-;
;MITRO12-P120-1018;;;;;;;;;;;;;;;;;;;;;;;;;;;;;;;;;-;-;
;MITRO12-P120-1019;;;;;;;;;;;;;;;;;;;;;;;;;;;;;;;;;-;-;
;MITRO12-P120-1020;;;;;;;;;;;;;;;;;;;;;;;;;;;;;;;;;-;-;
;MITRO12-P120-1021;;;;;;;;;;;;;;;;;;;;;;;;;;;;;;;;;-;-;
;MITRO12-P120-1022;;;;;;;;;;;;;;;;;;;;;;;;;;;;;;;;;-;-;
;MITRO12-P120-1023;;;;;;;;;;;;;;;;;;;;;;;;;;;;;;;;;-;-;
;MITRO12-P120-1024;;;;;;;;;;;;;;;;;;;;;;;;;;;;;;;;;-;-;
;MITRO12-P120-1025;;;;;;;;;;;;;;;;;;;;;;;;;;;;;;;;;-;-;
;MITRO12-P120-1026;;;;;;;;;;;;;;;;;;;;;;;;;;;;;;;;;-;-;
;MITRO12-P120-1027;;;;;;;;;;;;;;;;;;;;;;;;;;;;;;;;;-;-;
;MITRO12-P120-1028;;;;;;;;;;;;;;;;;;;;;;;;;;;;;;;;;-;-;
;MITRO12-P120-1029;;;;;;;;;;;;;;;;;;;;;;;;;;;;;;;;;-;-;
;MITRO12-P120-1030;;;;;;;;;;;;;;;;;;;;;;;;;;;;;;;;;-;-;
;MITRO12-P120-1031;;;;;;;;;;;;;;;;;;;;;;;;;;;;;;;;;-;-;
;MITRO12-P120-1032;;;;;;;;;;;;;;;;;;;;;;;;;;;;;;;;;-;-;
;MITRO12-P120-1033;;;;;;;;;;;;;;;;;;;;;;;;;;;;;;;;;-;-;
;MITRO12-P120-1034;;;;;;;;;;;;;;;;;;;;;;;;;;;;;;;;;-;-;
;MITRO12-P120-1035;;;;;;;;;;;;;;;;;;;;;;;;;;;;;;;;;-;-;
;MITRO12-P120-1036;;;;;;;;;;;;;;;;;;;;;;;;;;;;;;;;;-;-;
;MITRO12-P120-1037;;;;;;;;;;;;;;;;;;;;;;;;;;;;;;;;;-;-;
;MITRO12-P120-1038;;;;;;;;;;;;;;;;;;;;;;;;;;;;;;;;;-;-;
;MITRO12-P120-1039;;;;;;;;;;;;;;;;;;;;;;;;;;;;;;;;;-;-;
;MITRO12-P120-1040;;;;;;;;;;;;;;;;;;;;;;;;;;;;;;;;;-;-;
